Stock,annualized_vol,downside_vol,max_drawdown,vol_clustering,autocorr_1d,autocorr_5d,hurst,momentum_strength,beta_to_vnindex,skewness,kurtosis,var_5,cvar_5,limit_hit,trend_change_freq
ABB,0.3713123937198461,0.31049166220100494,-0.756,0.9479638784653626,0.001673035434705941,0.018796459451208402,,0.0014649593268318516,,-0.6603272763867805,10.4548191314944,-0.034643143544506795,-0.05719713028844623,0.019133937562940583,0.026156941649899398
ABI,0.510242712860791,0.4104926075697124,-0.6851595006934812,0.9575684687510507,-0.3108554778468573,-0.06529812079971493,,0.0027924656980456153,,-0.009431340413400739,9.966634917475002,-0.044732268012335354,-0.07739981272532959,0.05063291139240506,0.024726854514088556
ACB,0.35286815791201614,0.3406278643644785,-0.6615087040618955,0.933451507972057,-0.062412586147398544,-0.0496379359648243,,-0.0008617804135646976,,-2.2486658644118696,20.103859847424744,-0.02959907133635957,-0.058625820827563284,0.012585812356979404,0.026872498570611778
ACV,0.31427357742530765,0.22227055026136158,-0.6453781512605041,0.952234535921269,-0.04033210821894866,0.015527880885367636,,0.002518634345397029,,0.42213346462589824,7.705070338190803,-0.026276933701657356,-0.044490222641333656,0.015526164462334674,0.020114942528735632
AGG,0.5518690905556382,0.6980622032581603,-1.0,0.7586799830346043,0.028359186101379354,0.011839100989402596,,0.0007175700431367171,,-19.378054393238997,547.4478455353188,-0.02592884252924015,-0.06098382045644447,0.010416666666666666,0.017614091273018415
AGP,0.558230014323365,0.5549901595179699,-0.559375,0.9552242094218503,-0.20506673727115116,0.04161092353368671,,0.002619825926809538,,0.2755098996043752,8.737646312066952,-0.04166599759132886,-0.0905063903255515,0.06041426927502877,0.023576768257619323
AGR,0.45573253793578633,0.30427278676286335,-0.792057761732852,0.952406946445833,0.08828940336369466,0.03614933164137409,,0.0027842268720732442,,0.08893933215503755,0.8195556530386789,-0.05316289788275953,-0.06645277546183252,0.026857142857142857,0.018275271273557967
ALT,0.7231563090913692,0.9832668601045634,-1.0,0.8954523358855672,-0.019838619749393185,-0.04470643714199125,,0.0004055247056934594,,-5.99287347960173,132.75778852194458,-0.08286582097552264,-0.10504141901455431,0.15120274914089346,0.027475672581568404
AMV,0.5128727854691767,0.4422744201343717,-0.9620253164556962,0.9335919441599883,0.04405935784269944,0.03110434252158298,,0.0006228781193268751,,-1.1144821170594328,13.393064375970841,-0.050000000000000044,-0.07894197276501386,0.05885714285714286,0.023986293546544833
ANV,0.5042319279846862,0.417011608988806,-0.7472527472527473,0.9268322593554098,0.0662333819364836,0.04947201998940609,,0.0007275455381316118,,-2.050527633057665,30.842578585830566,-0.058173372708256454,-0.07287248078101642,0.045714285714285714,0.023986293546544833
ASM,0.605156445780468,0.642227075978154,-1.0,0.8167613352426147,0.13403077965167096,-0.0073171679498058835,,-0.00025435357074560586,,-10.410149409185653,269.1200692418524,-0.059359849540261946,-0.0813831439749905,0.033105022831050226,0.01939532230462065
BAB,0.2813559574567844,0.26528021433522714,-0.6588235294117647,0.9680899964281776,-0.1635125984176888,-0.05121828860109239,,0.00044829817658469454,,0.9027885233705294,23.110088902852546,-0.020855496453900738,-0.04251987091854733,0.017816091954022988,0.023549684089603676
BAF,0.4929944214720612,0.4973800716217801,-0.7534992223950233,0.9249005692261201,0.08138202278465398,0.04391365352775525,,0.0015063308053971033,,-4.662351648011684,66.67767928804504,-0.03708237469476475,-0.07187330014760714,0.029792746113989636,0.019404915912031046
BBC,0.4295788401665229,0.33374447268469326,-0.5675675675675675,0.9525598828702045,-0.14696612086199384,-0.009107988132919808,,0.0035618558013221675,,0.0662795637059114,1.35194512335634,-0.05054429366852268,-0.06319936632055742,0.02408256880733945,0.029226361031518624
BCM,0.5851913636509904,0.6387875150772091,-1.0,0.86722391694069,0.0006659514200536704,0.0322725506674601,,0.0038085792673764746,,-11.562207389261358,317.29553339195013,-0.041714104996837434,-0.07664649107211553,0.04622586307782329,0.023391812865497075
BID,0.5363916569481552,0.6186605529332221,-1.0,0.8306823950508567,0.007213758630573133,-0.004170080625022001,,0.00015094148014370423,,-15.048994309118791,438.33788863902447,-0.04053416474678213,-0.07132009995207284,0.02002288329519451,0.02172670097198399
BMI,0.3775269464519501,0.2770280415384232,-0.6595092024539877,0.9417772042290535,0.02026575947919704,0.0016821802123037563,,0.0021003403757648975,,-0.1582187823448607,2.4816412555806284,-0.03814238566713818,-0.05848508045271881,0.018846373500856654,0.01997716894977169
BMP,0.5081719084828296,0.5729353673199271,-1.0,0.696969434532721,0.04173397736780337,-0.012840210761378517,,0.0020019815322987154,,-17.381089348431825,543.435130345011,-0.0315408026836537,-0.05736802489569743,0.012593016599885518,0.02288329519450801
BSI,0.47388510908474335,0.33112355084044454,-0.7687140115163148,0.9651264622099686,0.08176603049895903,0.017620835441897017,,0.0008259920800022871,,0.05482069133977372,1.0743003919989675,-0.05531377019926633,-0.06870232195527981,0.0498567335243553,0.022336769759450172
BTS,0.5211091580142491,0.3805222774326123,-0.7543859649122807,0.9647253597781458,-0.06113464269329548,0.00988836656700145,,0.002105177968019116,,0.1459677262600857,1.9384885724653262,-0.059529411764705845,-0.07783295744320268,0.07432818753573471,0.026285714285714287
BVB,0.43449584220546117,0.3555409636601052,-0.7234848484848484,0.9598081958335247,0.07792873659392262,0.022249465173053,,0.001052114049804171,,-0.1487778313079604,7.556790013120155,-0.03533702213279674,-0.0686018002767486,0.03136200716845878,0.022381378692927483
BVH,0.5147367453182173,0.594218623946325,-1.0,0.7814449462863952,0.04942513007569948,0.0020114616779323964,,-0.0002214440249281996,,-16.76310949529517,515.0741475949344,-0.037579134917927144,-0.06502024855937143,0.016018306636155607,0.02115494568324757
BWE,0.3004058348939239,0.21577101057374512,-0.44561403508771924,0.9506153633548546,0.03262458120963924,-0.002489214937897503,,0.002053596747252232,,0.021764165799877073,3.440412849771075,-0.0288969900559235,-0.044704396855805066,0.0057110222729868645,0.021118721461187213
CAN,0.6536318978116298,0.5552249709587245,-0.6082251082251082,0.9448563506891643,0.0043249175476177595,-0.04629141150341199,,-0.0029853584041463765,,-0.028895667918860914,1.9896057190015446,-0.09689318956036581,-0.09921951682182985,0.17885714285714285,0.02569960022844089
CEO,0.733581624176888,0.7003287071587798,-1.0,0.9153534874930503,0.07822801924881644,0.019319146785808542,,0.005129421668361847,,-5.695458920067863,124.95705000323586,-0.07305640243902435,-0.10427621872802818,0.12285714285714286,0.021701884637350087
CII,0.5649296440562401,0.6103134530727312,-1.0,0.8211110789547981,0.06816989874858974,0.05518459725540729,,0.0007001038104398616,,-12.615253471702145,353.39791158725683,-0.048419070626687516,-0.07532785095677332,0.02910958904109589,0.02167712492869367
CJC,0.32744488790188775,0.5834750513842555,-0.5375000000000001,0.9617830966154456,0.06978778369811721,-0.031106812221202228,,0.0001918245195397933,,0.06991641853666075,16.782544945217634,0.0,-0.002505272549500256,0.04228571428571429,0.010279840091376356
CLL,0.3533999084180848,0.2993080439575936,-0.40764331210191085,0.9484096518329258,-0.12598238496971242,-0.011938004126285763,,0.0005765748921663476,,-0.1313398188044653,3.5123040285742544,-0.0378737724815183,-0.056893566748187935,0.013706453455168474,0.0228310502283105
CMG,0.41204708319545813,0.31009591720193924,-0.5473833097595474,0.9437649456622809,0.0396472199409387,0.02121376523387872,,0.0035262365003060625,,-0.5616798650093151,6.374848275555509,-0.0408505963590709,-0.06167185781424272,0.03083952027412907,0.021689497716894976
CMT,0.6896101776628283,0.48343081245623454,-0.7544303797468355,0.9503177066791036,-0.11128504991267023,-0.007694956590142191,,0.0073060213759976525,,0.26090736259693004,2.2868553546104895,-0.06934028139656058,-0.09602858918842264,0.1180195739781232,0.020138089758342925
CNG,0.3482808803320965,0.2954370409625518,-0.579520697167756,0.9617944372232015,0.02310530690926122,0.025790091619135324,,0.001530743815411394,,-0.8793535927912701,12.397927134725341,-0.03202498601528997,-0.05607678755012658,0.021701884637350087,0.0182648401826484
CPC,0.4568389502981374,0.4406448005969714,-0.6843373493975904,0.9411301789828346,-0.22065931693267826,-0.002037513064391021,,0.001772613634936835,,-0.1553097218424048,3.738234015809672,-0.05281733746130028,-0.07899698549885238,0.06403659233847914,0.028
CRC,0.39594523078074045,0.28763587469457513,-0.7991379310344827,0.9562409925646458,0.15167238498698582,-0.012312438166288828,,0.0007999333093946966,,0.1188419510526168,1.7426497621359154,-0.04421131509928808,-0.06035769921025336,0.027551659361302442,0.01939924906132666
CSM,0.5013611854031395,0.6183231823682153,-1.0,0.7837181911981057,-0.050856638024281524,0.006946099886123402,,0.0006798693961741382,,-18.002668685891734,571.4375778747354,-0.030571973664521895,-0.05943251506907628,0.010273972602739725,0.022247575584711923
CSV,0.4725916391681435,0.4249233899000876,-0.6580459770114941,0.9296665261169463,0.08592690259014066,-0.022363757571190104,,0.0020769383351672104,,-4.564037831977239,93.75238777330928,-0.0423650311188305,-0.06652815465868733,0.03712164477441462,0.025684931506849314
CTD,0.43796912687321465,0.3143816678542629,-0.8904347826086957,0.9519536117866993,0.15967132600209374,0.012497280389372045,,0.0016646430139136553,,-0.2858933261630157,3.574998922309317,-0.048055555555555574,-0.06623784692312581,0.04054825813820674,0.021118721461187213
CTG,0.36986702960536366,0.28089199433910506,-0.6360294117647058,0.9552011884205215,-0.0366769489455721,0.02954545329310182,,0.00036481108367268644,,-0.45437839858250445,4.360436048407546,-0.03860122927919529,-0.05811990402575251,0.01599086236436322,0.02226027397260274
DBC,0.4979240788588608,0.4069910206938803,-0.8672955974842768,0.9313097682642772,0.0894529439150958,0.009421539906616512,,0.0010270506738305138,,-2.0052607578837054,31.19514460746103,-0.05307622630992187,-0.07200561118645656,0.03777904979965655,0.02459954233409611
DBD,0.27252236010561676,0.2305662902995752,-0.4390625,0.9270385235299226,-0.001719773448806083,0.03917725796033151,,0.0020975130184469736,,-1.607323565257608,29.287422808226076,-0.022173202614379005,-0.037717967932389344,0.008013737836290785,0.01887871853546911
DCM,0.4104204788729873,0.29959606637508934,-0.6313588850174217,0.9618705316997045,0.013526242213548792,0.023679805624212496,,0.0026018265664731685,,-0.12116634745704175,1.825796292217741,-0.04299733481228146,-0.06408037040770147,0.03083952027412907,0.026255707762557076
DGC,0.44208978987269437,0.396371815638972,-0.8061224489795918,0.9294860610572966,0.05243253691543602,0.03689387087916299,,0.0023513455179086686,,-3.4755351743537664,64.17807320975814,-0.03791232774209637,-0.06447495229531426,0.03663423010875787,0.02116704805491991
DGW,0.5282095693553763,0.47461576216315593,-0.8301775147928994,0.9236936282445337,0.08045762827653204,0.006075687906260074,,0.0022022519790371,,-3.3351109501160296,46.572801383285515,-0.04888400265516091,-0.07656632520558504,0.05368360936607653,0.023972602739726026
DHG,0.26773433594451124,0.17282737182013574,-0.4116347569955817,0.9558438570828198,0.06502322329560757,0.042091616310427446,,0.0023318381273115772,,0.7026213462356155,3.809143567143381,-0.024497170002021396,-0.03649184884049303,0.00799543118218161,0.01997716894977169
DHT,0.4162115352749477,0.4616239141709818,-0.7342465753424658,0.9341728405175866,-0.017551700910666677,-0.005312617161404642,,0.0019336143407115754,,-7.821917930051371,182.5948376940084,-0.02618520730150924,-0.05167977493775353,0.022298456260720412,0.018857142857142857
DIG,0.635361295459919,0.6506964113293408,-1.0,0.845933158751386,0.09688695979809869,-0.005846667334977,,-0.0007949825438573199,,-8.954163049836813,221.12126480704413,-0.06743579454253608,-0.08153047263767124,0.057648401826484015,0.01939532230462065
DP3,0.4331616195771614,0.4741921429629957,-0.659688995215311,0.942051448547253,-0.11889110395649598,0.06460810345364787,,0.0001773451320897651,,-4.800511336490413,103.62015713908573,-0.03898093549904134,-0.06567008292708189,0.02857142857142857,0.026270702455739578
DPM,0.39697804353295474,0.27900047264923444,-0.6218375499334221,0.9585153316541243,0.004445226470677553,0.025902170354348823,,0.0011774920239528697,,-0.08518871930456999,1.333928716349308,-0.04323931617463429,-0.06022047144430203,0.02457142857142857,0.02227298686464877
DQC,0.5383263979836301,0.6064745167871132,-1.0,0.7871876276118086,0.06951469015578977,0.021635482579974292,,0.001213640921139094,,-14.538725813509833,429.68360978014283,-0.03928728794888744,-0.06809429387378563,0.01887871853546911,0.02058319039451115
DRC,0.36649278480499775,0.2610176576637238,-0.5488126649076517,0.947815891294735,0.030957820373119782,-0.00898928527098041,,0.000924045765576486,,-0.14566097100335323,1.46658495863361,-0.039444871302343476,-0.05649304550180936,0.012564249000571102,0.02454337899543379
DRL,0.28384879039802585,0.25584244017256047,-0.31034482758620685,0.9618999620088567,-0.22749451192743947,-0.07583498714981074,,-0.0009087444142550378,,-0.032706570686965225,4.419391396089571,-0.03022317381084272,-0.0466548743635554,0.008004574042309892,0.026285714285714287
DSG,0.8631276060551138,0.8017556911292846,-0.8454545454545455,0.9639345170172187,-0.10000426604425597,-0.03932231895232767,,0.007744446601074068,,0.41947546239406436,7.098945048885584,-0.10504922197523021,-0.13626799153914743,0.15965417867435158,0.02131336405529954
DSN,0.1968876188791644,0.1648286938480404,-0.37712519319938187,0.9443621605085011,-0.12290968745918421,0.05389206386578492,,-0.00022185178733043036,,0.008531107657389913,7.937760756167988,-0.017963512119649343,-0.03128230386792683,0.0017142857142857142,0.018275271273557967
DTD,0.5766094016849275,0.41128591066711845,-0.8588640275387264,0.941458141886088,0.14337614009512054,0.011150291704896865,,0.002367088755254307,,-0.01604811465847576,2.1175001488279097,-0.057982613908872944,-0.08639174538673346,0.088,0.023415191319246145
DVN,0.4097807090556926,0.25818295122205936,-0.6618705035971223,0.9514554639957968,-0.00546144622950219,-0.008884637191811482,,0.005285430739480623,,0.7990532821767207,6.453002401602795,-0.035714285714285664,-0.05336833707698735,0.02422145328719723,0.020172910662824207
DVP,0.26354620090387126,0.18671471536686052,-0.575113808801214,0.9446784682114565,-0.01453512690475214,-0.010462078265658757,,0.0016074103621959383,,0.3269160712123328,4.143028091832363,-0.02415345592897905,-0.03768510217342111,0.0028555111364934323,0.018835616438356163
DXG,0.6319355948219213,0.6483727864412124,-1.0,0.8225933218682118,0.0689231456415088,-0.004613537354376974,,-0.0015275051311663228,,-9.153146592967172,226.43098230780177,-0.06566032426009596,-0.08200255997126503,0.043478260869565216,0.019439679817038306
DXV,0.6947202903366639,0.7049474768200192,-1.0,0.8490910084243388,-0.014845900205001398,-0.04973438038894765,,0.0005331750765974197,,-6.769760095891371,154.12912856317013,-0.06784660766961648,-0.07954052498341818,0.06107305936073059,0.02053622361665716
EIB,0.3653795494131836,0.2654399053071516,-0.6071428571428572,0.957669692022517,0.05348950658576775,0.04546447197699932,,0.0023719905445101393,,-0.009932136564585794,3.3222672186803175,-0.03525046382189234,-0.0543554969160692,0.018857142857142857,0.027984009137635636
ELC,0.44014572096216725,0.32512049735888837,-0.8058727569331158,0.9353614108732606,0.16075663237958676,0.0014553146502268956,,0.00197124306748361,,-0.34533801183984664,4.134965638836124,-0.04654620017941819,-0.06577859496694162,0.0274442538593482,0.018857142857142857
EVE,0.5244609957950385,0.6178367504519425,-1.0,0.7354024467390485,0.01743234672696226,0.0034891192529944576,,0.00012644209407847856,,-15.797775129759703,477.80320089577856,-0.03726174162202569,-0.0651938763495812,0.009158557527189467,0.018306636155606407
EVG,0.5056541279065229,0.34846550340996674,-0.875,0.9528873718741953,0.20245964311879422,-0.03146421551389992,,0.001983965501038895,,-0.1846614916483585,3.801342355244902,-0.05854158674485302,-0.0693382949115323,0.053714285714285714,0.023415191319246145
FCN,0.4430725477954107,0.3124296951094132,-0.8272222222222222,0.9613737828704291,0.11978837611036244,-0.0019037157741249873,,0.0011888411464308496,,-0.08846548465563728,0.9077750486612874,-0.05797754931594012,-0.06754751691641205,0.03428571428571429,0.024557395773843516
FIC,0.8965757960910756,0.7549271845683037,-0.7261904761904762,0.9413450744647947,-0.1695942705220518,0.0005568586743902363,,0.0076291139963539645,,0.9385823057069532,8.236480039722634,-0.09640578719526091,-0.1388090434542571,0.15225563909774437,0.024420788979336257
FLC,0.7425781571490209,,-1.0,,,,,,,-21.307327213483536,452.0021929824561,0.0,-0.002188183807439825,0.002188183807439825,0.0
FMC,0.3441322270042664,0.2574717444917703,-0.5945945945945945,0.9532660810897606,0.055559266167037706,-0.026230210030381097,,0.0005961085318259389,,-0.09512673412607288,2.842517093827391,-0.033201174743024975,-0.05315458070789631,0.013142857142857144,0.0211307824100514
FOX,0.537241237693006,0.6987107732204635,-1.0,0.8347662451640531,-0.04063017015420326,-0.005543593573804968,,-0.0007890102496442529,,-15.791142430330297,447.46779829107936,-0.029201725997842588,-0.0673861943810257,0.015535097813578827,0.02185163887291547
FPT,0.30373584166998885,0.2744297781580124,-0.434819897084048,0.934602192075656,0.03193753042473103,-0.03285333677714296,,-0.0003274890827771621,,-1.8559522952933452,18.08176743387841,-0.02478120740624349,-0.04739409012769969,0.009714285714285713,0.019988577955454025
FRT,0.493667820550298,0.41363420917461224,-0.9375,0.9385725964746907,0.09127435745817704,0.04486026830638314,,0.001380820796897074,,-1.760090420642594,21.634975124188255,-0.051955331044073044,-0.0734414893086136,0.042362768496420046,0.01967799642218247
FTS,0.6187133175688877,0.667249775110541,-1.0,0.8302518959624996,0.07050064438259245,0.017409940875336156,,0.0005900506306914174,,-9.886416898114435,248.6266012740889,-0.05874969234555753,-0.08288750918868656,0.044075558099599316,0.019450800915331808
GAS,0.35116499520777605,0.26823660862539256,-0.6039676708302719,0.9625485503777733,0.03968108105138841,-0.002168655516692321,,0.00044172813151901677,,-0.3188508400509322,3.3095466877248585,-0.03417917825891692,-0.0564428931727396,0.020559680182752713,0.026255707762557076
GDT,0.2845630480727326,0.2160050055820675,-0.6604938271604939,0.9356481229741946,0.007114962875303544,0.018151377042250574,,0.0017111364168420785,,0.032794333041072966,4.469604897012303,-0.02622398231718547,-0.043236766059783056,0.005714285714285714,0.021701884637350087
GEG,0.36926904411713657,0.26489081966346456,-0.6721649484536083,0.9586870704696983,0.06222920516805684,-0.004586682186906965,,0.0014257682040643115,,0.01835359595057379,2.121232140867523,-0.03787934961071973,-0.056488286686818025,0.01602747567258157,0.02231121281464531
GEX,0.5798448802949282,0.6426227492265053,-1.0,0.8221254655027572,0.055411802519289115,0.008100418381594653,,-0.0010850589110175043,,-11.84890274199989,320.02189478915466,-0.05209075292244522,-0.07860271388773779,0.031482541499713794,0.020594965675057208
GIC,0.46367832840991535,0.34758654745588635,-0.652482269503546,0.9571470305237697,-0.11780255996955379,0.05802911978570821,,0.0010237457918447976,,0.012292395015063963,2.2145851907956517,-0.05138195138195132,-0.07189731142318762,0.04816955684007707,0.02406159769008662
GKM,0.3749379323793804,0.3454535069528738,-0.9183303085299456,0.9701461954908851,0.17810877414109677,0.07176231465739415,,-0.0013376684609005852,,-0.22987932770891992,9.10729005645721,-0.031868711457319024,-0.06484102306897524,0.04057142857142857,0.018275271273557967
GMD,0.34887741350812396,0.26504629981541084,-0.675704989154013,0.9401040940893491,0.03084330489723429,0.0008672705216755185,,0.0011923577102864805,,-0.6959007349764176,7.772912909917183,-0.032677649373002216,-0.05255924367002331,0.009708737864077669,0.023401826484018264
HAG,0.4683784339459564,0.30052460721928925,-0.6996466431095407,0.9570052779913106,0.0789190171972053,0.028976684672120258,,0.0020779244843932947,,0.13876926208256865,0.5737688578614688,-0.05141032971221643,-0.06576915152085833,0.043403769274700174,0.02226027397260274
HAH,0.4571233847311877,0.38454504892963354,-0.7760707635009311,0.9365491404578858,0.09316321505115535,-0.0020822146699377223,,0.0017658281992716726,,-1.646502449130329,18.667864128776273,-0.04496844973469095,-0.06949274001745769,0.03257142857142857,0.018846373500856654
HAP,0.4058614495094149,0.2991383979618387,-0.7979166666666666,0.9567630145639628,0.2667764042556761,0.04428924736835142,,7.08951751273515e-05,,0.24840752579191377,2.839012796806279,-0.041348723047287705,-0.06071019895774157,0.03268348623853211,0.022349570200573064
HCM,0.5035623610526773,0.4263628624597896,-0.878804347826087,0.9258638288703764,0.014706307914155625,-0.020968509879133117,,-6.949073151137422e-05,,-2.2649121539358754,28.09210297034592,-0.058613665143423366,-0.07554819012310598,0.029697315819531698,0.016552511415525113
HDB,0.5270206135507208,0.647715948258586,-1.0,0.7777083859596801,0.061899156106487455,-0.023845127991133152,,-0.002180048721159532,,-16.120576003231957,472.06746091223096,-0.03455657693725956,-0.0690826286083403,0.012041284403669725,0.02177650429799427
HDC,0.6082433995054791,0.6669700277675512,-1.0,0.8226349548159692,0.07365764952593909,0.02017324996204648,,-0.0005866499699409902,,-10.445476329459854,265.2303577304781,-0.053571941145064896,-0.08404630346892841,0.04509132420091324,0.025099828864803195
HDG,0.5870843303592341,0.6637328561145418,-1.0,0.801996215464286,0.04723061628100726,0.01934041393470262,,-0.0010973676991378883,,-11.794976787266567,306.09050625223364,-0.048256898752823386,-0.08357066756336673,0.033105022831050226,0.022818026240730177
HGM,0.48954199136616366,0.5443431482727918,-0.4049586776859504,0.9536582654363548,-0.10176599809252608,-0.025044634454798556,,0.008443337277159478,,0.522653167138782,5.335203972069818,-0.053566154504582714,-0.08245782048687947,0.09428571428571429,0.02227298686464877
HOM,0.4767956886078805,0.30172451352348023,-0.6756756756756757,0.9548509238346468,-0.11096968720484311,0.01950472784178875,,0.004023153616114779,,0.2926469384304681,1.8198456316213827,-0.050612244897959166,-0.06772883891418369,0.05317324185248713,0.02057142857142857
HPG,0.5546469983150444,0.6589832334627725,-1.0,0.822027753858486,0.005955983534623515,-0.00014532595578199063,,-0.0014171953520561095,,-14.350837437348567,388.49914536586823,-0.03724077712289894,-0.07426466288937889,0.009158557527189467,0.020594965675057208
HSG,0.6129666154499568,0.6257725215857737,-1.0,0.8030166401300198,0.07252365302561192,0.03214468926552533,,-0.0002075970498490176,,-9.923275470044707,255.8668006999818,-0.05968981217985198,-0.07908627745354962,0.04235832856325129,0.016018306636155607
HSL,0.4733207130374572,0.33426554552831605,-0.8845323741007194,0.9515830788274252,0.20711038992100944,-0.013344960865598705,,0.0027076128558953146,,0.0362491684621096,1.4806808614019769,-0.05797101449275362,-0.06883304931270826,0.046135410425404436,0.02035928143712575
HVN,0.42277911209701846,0.28665288813349654,-0.8720653789004458,0.9542135485226594,0.09427895054713578,0.03610511727071406,,0.0028241128747433994,,0.10818523564334676,2.3095197571207082,-0.04306608884073677,-0.06284608537527904,0.026361031518624643,0.021191294387170677
ICT,0.5812399393932014,0.7055692191207961,-1.0,0.7783888652018728,0.027106687434880213,0.031796000423954696,,0.0009681879185976343,,-16.306291618845584,445.5434839487808,-0.0357142857142857,-0.06895258164692447,0.0128928283642224,0.02254428341384863
IDI,0.4965544565458381,0.3494810659936266,-0.8235294117647058,0.9508652814022024,0.18690113602349176,0.03158717810782462,,0.0013059903525538992,,-0.15152198470598,1.3699507142495442,-0.06535216608209306,-0.07186828896730552,0.04228571428571429,0.023986293546544833
IDV,0.36619922952341594,0.31525194556376585,-0.7167755991285403,0.94848185711511,-0.12324364654793969,0.009149887575241733,,0.001152797123033126,,-0.3395120033042792,7.984508508655718,-0.03115310077519382,-0.057484220817329464,0.0274442538593482,0.028
IFS,0.6728355738323644,0.6339221632939517,-0.46153846153846156,0.9369765559827921,-0.15387558456992698,-0.001992959592990578,,0.0018089291164373814,,0.12703957336679148,4.694189589023315,-0.07124130551096836,-0.1113856672836324,0.10893371757925072,0.021889400921658985
IJC,0.4390819279285614,0.32351621742650294,-0.7473972602739726,0.9498661809914057,0.08119227190894442,-0.0005636581431070162,,0.00029564554157364767,,-0.21641722090551666,1.3907072495242891,-0.05153153153153144,-0.06810746463938822,0.030303030303030304,0.021142857142857144
IMP,0.3572914730550784,0.3671566993020993,-0.5737113402061855,0.9335981566905868,-0.0759066617450955,0.045256630181751974,,0.0009712338262312884,,-5.43163310737864,109.67201395141082,-0.027907580477673943,-0.05177572486142624,0.009137635636778984,0.02226027397260274
ITD,0.3994202212659476,0.2744269054125516,-0.6628787878787878,0.9518276071173474,0.0017015931425094003,0.026415585971288517,,0.002679452423295689,,0.10324493755727622,1.7179393153251814,-0.0417470525187567,-0.05836500220321799,0.016580903373356205,0.02057142857142857
JVC,0.49762404896594975,0.3255627888843845,-0.8282527881040892,0.9625850471006734,0.17474765152633265,-0.02697864405708673,,0.003098895151368748,,0.18920757620091644,0.5255423545673903,-0.06297193490785341,-0.06830131168221291,0.04971428571428571,0.02227298686464877
KBC,0.4164088618396889,0.3220301638336241,-0.7753623188405797,0.9461291073690516,0.085040349360119,0.046166396737202034,,0.0005219898285390816,,-0.6637163850553072,7.211504566371172,-0.04288084965151006,-0.06432941726861877,0.025728987993138937,0.021714285714285714
KDH,0.5069684804096587,0.6332730072658519,-1.0,0.7524783865599336,0.017116278565280012,0.01761322702212773,,-0.0004739053984785073,,-17.802788439077936,549.8787753108825,-0.03154099809379129,-0.06504498065825505,0.013157894736842105,0.023441966838193252
KHS,0.6557336053944632,0.5422549263521835,-0.7690288713910761,0.9457402604648377,-0.10449465472125184,-0.042352400265576635,,0.003359255096931288,,0.06590521313544496,1.461337321987787,-0.0847048699643039,-0.09633000103653072,0.1702857142857143,0.023415191319246145
KLB,0.67923289032608,0.74318041104636,-1.0,0.8983443800430089,-0.14708531305675737,0.02359203019058966,,0.003532341330174979,,-7.120556546611249,174.0272054923867,-0.05115840517241378,-0.09515996528752924,0.06405077899596076,0.02306805074971165
KMR,0.4070054140677405,0.2932592333942997,-0.8076923076923077,0.9702019633915354,0.10975964925081388,-0.01790314997371688,,0.003791235461313127,,0.2314412844770627,1.9489347381765558,-0.04382922109337201,-0.062365422972359474,0.030857142857142857,0.023415191319246145
LAS,0.6111743725695773,0.6857181806228122,-1.0,0.844961689454464,0.010158757023150415,0.025553763224205772,,0.0007400348350035425,,-9.960495392616911,260.1065422677397,-0.04687500000000011,-0.08229124394934223,0.058419243986254296,0.024041213508872353
LCG,0.4519088368746552,0.31823435804973826,-0.8196463654223969,0.9610231415528983,0.10806465667152305,-0.006612132152554068,,0.0018917776927278064,,-0.08806886872344552,0.9450983280279281,-0.056107207059977196,-0.06804043684431177,0.037714285714285714,0.021701884637350087
LDP,0.6638246927924378,0.49931452292945433,-0.9197080291970803,0.9505436297677303,-0.008145881557040843,0.03170107972557489,,0.006952068034202424,,0.10637378232641218,1.0204693321228042,-0.08388368563284346,-0.09607656568121857,0.15542857142857142,0.019417475728155338
LIG,0.5592154544319797,0.3311762426869984,-0.8701923076923077,0.9530410248589339,0.03127340601585252,0.02450590622238128,,0.0034448944856748723,,0.17968218857296406,0.980197961968873,-0.05555555555555558,-0.07752393480913837,0.076,0.023415191319246145
LPB,0.41382916726629476,0.31261191168113395,-0.723781388478582,0.9495768082993831,0.02033504711560353,0.011863270250209682,,0.0007768805292641678,,-0.26542700418634807,5.121318734609623,-0.03738317757009335,-0.06282451422918021,0.028144744399770247,0.023536165327210104
LSS,0.441448286469844,0.2951780546073598,-0.7486772486772486,0.9524766267912016,0.04676147625360812,-0.005033641005403868,,0.0030183023104750246,,0.1113880767582372,0.9392386105030641,-0.046432266222196705,-0.06438008117728788,0.03026841804683038,0.01769406392694064
MBB,0.3548558113202011,0.32070818581281635,-0.6743383199079402,0.9401892844553666,-0.003914372208748357,0.014936396659184097,,-0.0011256783096079848,,-1.857697554152983,19.335104527875377,-0.03336044259435628,-0.059220058497208905,0.0074243289548829245,0.01997716894977169
MBS,0.5285409363001154,0.4138112643412794,-0.8034934497816594,0.9569953466974737,-0.03224225522527763,-0.01618431425055062,,0.0020059138732712208,,-0.3082413538114005,3.044646179176354,-0.05303643724696354,-0.08508523294899632,0.06693363844393593,0.023441966838193252
MCH,0.29891628218912575,0.22786841880082223,-0.53,0.9501044158055594,-0.030699581239323093,0.0024946422013332817,,0.001362873117007236,,0.07885587131274953,7.3018149715313,-0.026097965960979685,-0.04296788877742626,0.011527377521613832,0.019009216589861752
MFS,0.4599451335429799,0.3281890980745457,-0.6164199192462988,0.9631912532278943,0.022131769431873026,-0.050615549386278894,,0.004012304296315758,,0.7918825730438143,7.304516656173215,-0.03653632299207951,-0.06626416849361513,0.04452296819787986,0.026129943502824857
MIC,0.9559432480699114,0.8395731442629588,-0.6071428571428571,0.9523181361449273,-0.12601025172547026,-0.05000240709484877,,0.00686616115113188,,0.26869021046266517,4.595207944189255,-0.11428919182083741,-0.14432973954595205,0.20046082949308755,0.02936096718480138
MIG,0.5553606259706474,0.6616709043712372,-1.0,0.8230451561370563,-0.031997850738101845,0.001913469787928887,,-0.0006471643788839333,,-13.383830192628361,382.4038633638898,-0.04225352112676062,-0.07265540961095293,0.025847214244686962,0.021814006888633754
MKV,0.3755827690700221,0.49585960951573105,-0.7638888888888888,0.9529463508358746,-0.0380774641533841,-0.006555737064935423,,0.0064308425563827515,,0.08985613281063339,8.916307262182116,-0.03148026315789477,-0.06694929121056893,0.04979965655409273,0.017734553775743706
MLS,0.7025785009157048,0.6444558385778293,-0.8178506375227687,0.9524489791390558,-0.041068061186701275,0.007364319745546028,,0.007224773837889956,,0.32546797376906456,11.219020851871223,-0.0665560165975104,-0.1098101863025393,0.10873337189126663,0.024277456647398842
MML,0.46849351867050265,0.34407455172504425,-0.772020725388601,0.9542732324386658,-0.06798586937835996,-0.006184401430990045,,0.0028253666251370803,,0.5495475603456047,6.675377030055962,-0.04166666666666663,-0.0693515380659824,0.04636290967226219,0.01437699680511182
MPT,0.9220930458569218,0.9755245121412576,-1.0,0.9017012785852622,-0.15158407480329583,0.10575287867789859,,0.008901220117128628,,-2.5846704099556765,52.07465884826731,-0.08333333333333326,-0.13175009052906136,0.15704387990762125,0.01673398730525101
MSB,0.3739477580331939,0.36992972785601397,-0.6714285714285715,0.9249804386517527,0.1187089321685059,0.024786476164662154,,-0.0032538130790131427,,-2.338522289463464,21.45287187670543,-0.03450980392156862,-0.06211342930598361,0.012896825396825396,0.019821605550049554
MSH,0.38651593442382265,0.3204618817128846,-0.7039408866995074,0.9396922730812726,0.07382563218706649,0.054128106688616145,,-0.00029937658885119747,,-1.2243464573816265,14.987193488510282,-0.03926611896536697,-0.060564176769997306,0.022280471821756225,0.015062213490504257
MSN,0.5205402342379242,0.5950762294099506,-1.0,0.7233115291362551,0.044768202938464834,-0.018525820993817197,,0.0004995859048111846,,-16.230313552751504,492.84675472205544,-0.03614140892608279,-0.06376800525257131,0.014874141876430207,0.022870211549456832
MVN,0.7439433326317945,0.6499500584122414,-0.7799227799227799,0.969615006944622,-0.0064929438662808155,0.04172402689582634,,0.012661966402008548,,0.30505727266206,3.7008243793825573,-0.07247023809523812,-0.11495577093404637,0.13186813186813187,0.020025839793281652
MWG,0.5617541095839109,0.6923144322320326,-1.0,0.832988733415372,0.020298809738875833,-0.023042647339190665,,-0.002780002515938299,,-14.773665608932953,383.89442887262925,-0.03566980172852058,-0.07502441955850662,0.017162471395881007,0.022870211549456832
NAF,0.5166197060208892,0.6093669052858584,-1.0,0.7366323880160236,0.04322798871153578,-0.0036936221282347272,,0.0015130204973208168,,-16.53308991514048,507.9181007730928,-0.03567719372615525,-0.06335501594402328,0.011441647597254004,0.019439679817038306
NBB,0.588460638677007,0.6502220137129404,-1.0,0.8402907114756384,0.03711904048304542,-0.016576137861675853,,0.0007434119257908947,,-11.213827560596018,301.7776572602451,-0.054335028097404287,-0.07825569257327677,0.03777904979965655,0.02745995423340961
NET,0.412870901097236,0.34238678654467913,-0.49350649350649356,0.95614659290948,-0.11461171986307439,-0.03900288263238266,,0.00442219863507376,,0.24569696302925956,4.746131742452372,-0.037401865105183243,-0.0634954749050665,0.04576659038901602,0.022870211549456832
NKG,0.49402906219538595,0.37802038585538655,-0.9006772009029345,0.9427480389715003,0.14508614602500558,0.07250288669339591,,-0.00042648749642720113,,-0.6523545773283984,4.963622835588258,-0.05672912035566842,-0.07309634754268629,0.040022870211549454,0.018285714285714287
NNC,0.27865282688554677,0.24012423748843428,-0.7703389830508475,0.9434102290804023,-0.015861730591856433,0.02018471620806199,,4.884166833646342e-05,,-0.45642749008334516,6.715149226978719,-0.027285345123452986,-0.04643313142781716,0.005142857142857143,0.0211307824100514
NSC,0.2862648200988597,0.22494930159095283,-0.5,0.9529016435012249,-0.2058737393895468,0.03193388625276692,,0.002374963541131857,,0.02218921137709233,5.261182888428442,-0.02777777777777779,-0.04398050823910056,0.005743825387708214,0.023536165327210104
NT2,0.3152907775165047,0.23066849636162173,-0.5554035567715458,0.9590820621825304,-0.06528877440523749,0.016139005942694715,,0.00151046799709942,,-0.07401435015972076,3.075033842898992,-0.030975097578233784,-0.048430343286436764,0.008571428571428572,0.026841804683038265
NVB,0.41169750645731645,0.2814440559053139,-0.7884130982367759,0.9556629335492001,0.00255412573053039,0.042039342313029436,,0.003971480214906998,,0.38618496529447005,3.760666897008635,-0.03571428571428581,-0.058523064120712835,0.03777904979965655,0.02116704805491991
NVL,0.3754719175490431,0.3353789452822148,-0.9288732394366197,0.9529111048070597,0.18556074907843778,-0.0034684863406136144,,-0.002647344542157152,,-1.2649291745323668,11.066192446371504,-0.03968253968253965,-0.06391906452894433,0.016009148084619784,0.021714285714285714
OCB,0.38330733324721555,0.3643043323639415,-0.6795665634674922,0.9132639394225675,0.03520958662953559,-0.001067372556383289,,-0.0012290186237627239,,-2.8545136062775525,32.00597731859031,-0.034720041862898995,-0.0604509011928833,0.012207527975584944,0.021341463414634148
PDR,0.39583452411059583,0.3237820797080881,-0.897979797979798,0.9358690432671893,0.12318246730852361,0.04679867329149893,,0.000842995352286699,,-0.9064961122566826,9.649774065296262,-0.03827140904208565,-0.062485756856928164,0.019988577955454025,0.0182648401826484
PET,0.5796948027006855,0.6441513857718226,-1.0,0.8545047220118343,0.10787279374550685,0.017197404615772065,,-0.00015872785288642208,,-11.784256742565878,320.7875887357882,-0.05122872378842957,-0.07793851362117193,0.034324942791762014,0.0274442538593482
PGB,0.5624638449520488,0.41232904967313394,-0.6578249336870027,0.9526452978516714,0.050476040769966854,-0.0042867449274098,,0.005020840347263435,,0.20064746661656335,6.265451867113118,-0.04975274725274725,-0.0809132511884832,0.06262626262626263,0.022199798183652877
PGI,0.3954087477723734,0.34383508472223684,-0.5068493150684931,0.9549233393285423,-0.17067588788233268,-0.03162436765200263,,0.00047412578228342786,,-0.15007549946632254,2.9343832742623004,-0.04868641114982576,-0.06214589362605445,0.014285714285714285,0.028555111364934323
PHC,0.37600661074442676,0.28933053357484695,-0.8096153846153846,0.9569986061264226,0.10338159849178101,0.033030856686334625,,0.0009122523492075089,,-0.0506386498526545,3.4289404480324333,-0.03741122453963767,-0.06056295918609645,0.024613623354321695,0.02345537757437071
PHR,0.42115059795690063,0.3598739427676292,-0.6423076923076922,0.9331807020427365,0.09413187764723079,0.012914604668295271,,0.0010725248145603931,,-2.4016348357548467,36.03232874441581,-0.04125501591255015,-0.06514764261335464,0.021701884637350087,0.023972602739726026
PLX,0.5039047433170916,0.6031133515606308,-1.0,0.744495743078224,0.03848821370881292,0.024873117111006062,,-0.0018559929414872361,,-17.879853919383077,560.4102133490159,-0.03577325603907491,-0.06325079405262597,0.017162471395881007,0.02172670097198399
PME,0.3126287415586655,0.24470322834561922,-0.47398190045248867,0.9537342867879625,-0.12862884563624985,0.01413161964585942,,0.002617785515725734,,0.52676500260985,5.162396147951238,-0.029126213592232886,-0.04658435002769079,0.011213047910295617,0.026476578411405296
PNJ,0.5200361129233794,0.640246479750991,-1.0,0.7837758067005187,0.017291379851456883,0.016999511234325644,,-0.0011383652371739477,,-17.167649088698347,502.06942431911403,-0.031788587039004425,-0.06622234897788554,0.01602747567258157,0.02402745995423341
POM,0.6608475035491128,0.2378448909782238,-0.46153846153846145,0.7313046319937477,-0.1015599082700907,-0.05572235269189499,,0.038276401998587874,,5.717398665625793,51.01003294099842,-0.04221014492753624,-0.06290175356297685,0.03870967741935484,0.01282051282051282
POW,0.5294545990737365,0.6103060927814642,-1.0,0.7540107617946895,-0.006240856945323129,0.02760530787434492,,-0.00016535845585996523,,-15.752848449559455,472.07493124279625,-0.03622315348349925,-0.06535403921694388,0.012918379330593071,0.023474178403755867
PPP,0.6952685991455022,0.8798891491869134,-1.0,0.9022222228006478,-0.013661166993447745,-0.022112195379665113,,-0.001128629795879188,,-6.808937692942936,155.55772590513305,-0.07737437516443049,-0.10262519039024759,0.12320916905444126,0.025200458190148912
PSH,0.5318420046044647,0.3515176805316555,-0.9097072419106318,0.9602865874719646,0.24485182779012243,0.017108611718179605,,0.0023237978394089996,,0.13149845080920183,0.16122529177717082,-0.06702449882366197,-0.06908763903002348,0.06156552330694811,0.015817223198594025
PTI,0.5861079982856561,0.47042792665326355,-0.6716826265389877,0.9473525662174325,-0.04139663383787627,-0.029848177855983565,,0.0012846874368437344,,0.0848110110337787,1.9380831510870378,-0.07132535094962836,-0.0894009941776167,0.10907003444316878,0.030407343660355707
PVI,0.3130395995642593,0.2312880020021886,-0.39220183486238536,0.9541787233973762,-0.06077920548007177,0.01588517395105362,,0.0019725139461258118,,0.3076220584438745,5.711729657733654,-0.026972390179937356,-0.04531402767555206,0.016705069124423964,0.02360391479562464
PVT,0.3859282209594273,0.28152388397786376,-0.6481481481481481,0.9571353252591019,0.016244445426765678,0.04231185287757305,,0.0006177476507692181,,-0.18807744588439732,1.8464815228269016,-0.04069975344889226,-0.06059257244150648,0.01770416904625928,0.02454337899543379
PVX,0.7663983342385043,0.4674466109402364,-0.825,0.9563350484201907,-0.22644203283414915,0.11380381318999297,,0.01155188935093529,,0.6087609303281611,4.262932125001509,-0.08333333333333326,-0.10217162019126735,0.19179664933564414,0.018475750577367205
QNS,0.4749226030201421,0.6051969445583102,-1.0,0.7388482457164582,0.03674542432278261,0.011254275006647205,,-0.00016228126003125197,,-21.745165436516345,720.7365811374176,-0.02410331384015594,-0.05223151656445881,0.008097165991902834,0.021965317919075144
QTP,0.40097980603314504,0.3156448998365237,-0.448780487804878,0.9597873186213925,-0.2325851771602744,0.00852593665572069,,0.0022980064830330285,,0.7878708687061579,14.359917940996109,-0.03409090909090917,-0.05834429884211347,0.025404157043879907,0.020196191575302943
ROS,0.5793989154085266,0.4014722133350295,-0.9880160550458715,0.9757336918855594,0.25772308960869744,0.07821791660768797,,0.003141158926578458,,0.07553105352719035,-0.012885238795304232,-0.0690224707466087,-0.07025234604443834,0.09565217391304348,0.01216333622936577
SAB,0.5039044672292113,0.6348949585694079,-1.0,0.8038936059551116,0.054714430385467056,0.012598814383850151,,-0.0008341258443730834,,-19.827054134518722,589.6136922179829,-0.02638891578397014,-0.05747018258677403,0.007990867579908675,0.023958927552766685
SAM,0.3742459068706131,0.2661148720651551,-0.8082758620689655,0.9738547902480011,0.1694138993882854,-0.00254827466824554,,0.0034372678181467872,,0.2714231712890716,2.3516883476712156,-0.037761988498645475,-0.05634703183239402,0.017714285714285714,0.019988577955454025
SAV,0.586604730494942,0.6511765693093138,-1.0,0.820761184668797,-0.02365981774666343,0.011462285993015627,,0.00201403090196476,,-11.36322257704832,306.1241816790048,-0.04799596103587547,-0.07608092924638245,0.02917620137299771,0.02058319039451115
SBA,0.20860285722002261,0.16078779471110966,-0.23220973782771537,0.9420191161477267,-0.13479206662781124,-0.02147000565119036,,0.0006602624859349451,,0.31184151631711315,6.054439690995524,-0.01986842105263148,-0.030527935722809783,0.0017133066818960593,0.02054794520547945
SCD,0.6225791551570853,0.5754275109243725,-0.29729729729729726,0.9188377121977964,-0.16990849441443273,0.19749092883762856,,0.01948772247427087,,1.4123841822499472,7.216083448249897,-0.05405405405405406,-0.08596847071249604,0.09937888198757763,0.018518518518518517
SCR,0.5943277038524645,0.6325836866857757,-1.0,0.8567575394865364,0.07571717062365399,-0.04030543613119968,,-5.355087567330066e-05,,-10.88745523549612,289.5466980872003,-0.0600553511458715,-0.07921829134774994,0.04006868918145392,0.02002288329519451
SCS,0.31214543798709554,0.31326521095171006,-0.6823232323232323,0.9202742646158392,0.00307746330077867,-0.020401808639122044,,0.0008048396994421309,,-7.004205709046447,172.5967862634676,-0.023767258382643017,-0.042468436583770655,0.006868918145392101,0.02116704805491991
SFI,0.3964486874657451,0.3284627644850787,-0.6885057471264368,0.9360396643207987,-0.15371623900339643,0.00605047800915069,,0.0031121095997677477,,-1.1246450232626475,16.18651675473689,-0.03770786722998276,-0.059089544381928934,0.017133066818960593,0.023972602739726026
SGB,0.4319672239120921,0.31943352414414317,-0.5041666666666667,0.9511360933161647,-0.039870984737856344,0.025551222849932585,,0.001986099722410598,,0.8375970871250406,8.487116116626213,-0.04103869345211055,-0.06378001363620764,0.03857280617164899,0.030828516377649325
SGN,0.2710029686847106,0.2575290620308265,-0.6728739913097455,0.9416227286700614,-0.10023088373720422,0.04152348949066951,,-4.183700122530748e-06,,-2.361525763826233,42.38627100617365,-0.024686479538664652,-0.04231624299480758,0.004581901489117984,0.021179164281625643
SGP,0.7338636417413618,0.7043240907754439,-1.0,0.9046657426468472,-0.10858859179973815,-0.007858139220698838,,0.004856748924724194,,-5.5970301936698545,127.4581941963963,-0.05993162393162386,-0.10008063436888553,0.08906882591093117,0.023699421965317918
SGT,0.5570840003115607,0.3948592301591235,-0.7546174142480211,0.9418025696594113,0.045961185784051464,0.005072565922369452,,0.00476281757192162,,-0.3247524093917685,3.3256148052127,-0.06704063295562318,-0.07177654297425108,0.053142857142857144,0.023415191319246145
SHB,0.5751065370449225,0.6632910357168917,-1.0,0.8449798486705286,0.06537954886488771,-0.05039120414967266,,0.00057533772709846,,-12.058252940054171,331.85651560647455,-0.04029477196885426,-0.0775146421305795,0.03949627933600458,0.019450800915331808
SIC,0.6840503543509477,0.5900789920982581,-0.544,0.9488409940004376,-0.04921288917773284,0.039769094623755545,,0.0027550700016156227,,-0.15644077147221264,2.258417634190404,-0.0929689238300081,-0.10206353569053547,0.16497093023255813,0.024691358024691357
SJD,0.20633266892138039,0.21149813393396505,-0.5116696588868941,0.9315524473142265,0.05540559640984991,0.01116260424823196,,-0.00041351128079498284,,-2.773856988429586,38.36020569924813,-0.016799205773262438,-0.0315450529581302,0.003997715591090805,0.0273972602739726
SJG,0.903800463906364,0.7975418421535502,-0.7414248021108178,0.9497334123446833,-0.08047529708749346,-0.04584204682743887,,0.007031675656390464,,-0.030277010660938936,2.827277714984132,-0.10666666666666669,-0.13935803214627984,0.18933177022274325,0.032806092560046865
SJM,1.0901612536997456,0.8326674041064609,-0.7454545454545455,0.9494676860194907,-0.08466376729341167,0.00946039394633419,,0.007086059094954925,,0.0045919518059543965,1.2929796637979178,-0.1250000000000001,-0.148461145155846,0.28290993071593534,0.031159838430467397
SJS,0.3831632869847811,0.25206381779788484,-0.5829015544041452,0.941627311432155,0.08102979008258752,0.0065162785471270905,,0.0033808271544615576,,0.2655810598138529,1.6288808197788747,-0.03821811100292111,-0.053319461208565434,0.019988577955454025,0.01997716894977169
SKG,0.3945585993560086,0.30087831335392873,-0.786890243902439,0.9367606616838718,0.11646096093438515,0.044075940359013126,,0.001973226124989999,,-0.5278831327541096,6.798063360325546,-0.03981632614772712,-0.06168484346791761,0.01656196459166191,0.023401826484018264
SMA,0.601299474806651,0.3922237025061125,-0.6936585365853658,0.9502798244198762,-0.009588919434146557,-0.07406116265631092,,0.0031829770656385953,,0.0037682362377706906,-0.2702392661673043,-0.06770935158031932,-0.06973989816862777,0.0628212450028555,0.030251141552511414
SPM,0.4316683798547758,0.33293571692401797,-0.6713178294573643,0.9422615819878853,-0.12196490513486585,-0.04650679236744135,,0.004216167282648665,,0.061072468688006046,1.1953278459160739,-0.05270467836257309,-0.06407332007084636,0.018846373500856654,0.02682648401826484
SSI,0.4337221329703369,0.33934275189051877,-0.7807570977917981,0.9440116481978967,0.009253892410016933,0.008017855082536883,,0.0010339793156987527,,-0.8093624580696678,7.749727456642203,-0.04648563907823172,-0.06804593573138658,0.018846373500856654,0.01769406392694064
STB,0.38266797486014004,0.25913955208676565,-0.5857740585774058,0.9617960268734461,-0.019795020810002194,0.010041413317760733,,0.001298093981211463,,0.0472143474998187,1.3694547034536022,-0.0384615384615385,-0.056107511040014324,0.016,0.024557395773843516
STG,0.4370527468101741,0.3292534454925706,-0.4416475972540046,0.9537302114266007,-0.12256505840700195,-0.006211009752639573,,0.0038465659217506755,,0.15311058158077373,1.236778854505224,-0.05319148936170215,-0.06359059024100794,0.02569960022844089,0.02511415525114155
STK,0.40253021635182135,0.2689087230611558,-0.6522058823529412,0.9403057499146125,-0.01759606114544133,0.012891461755664817,,0.002345073610378598,,0.14593029927241358,1.5314520654186259,-0.04146825396825404,-0.056938646383702,0.01656196459166191,0.01598173515981735
STT,0.6171646439637166,0.6571512669314619,-0.8761904761904762,0.9502632813913763,-0.1049789401749961,0.1966824171204196,,0.007824448925018268,,0.2806554765903723,7.985974961718702,-0.06847705997850409,-0.10926598349938986,0.0921205098493627,0.020845396641574986
SUM,0.5745634328386676,1.4289189600103869,-0.7663551401869159,0.9360963270967654,0.1483963559432602,0.12502963521395408,,-0.006185667252350202,,-0.9864456370308305,50.489187325498285,0.0,-0.003720518170955229,0.04442148760330578,0.010319917440660475
SVH,0.27698936541756947,2.0730831354164714,-0.5488721804511278,0.9280039001056323,0.13138519065158202,0.053697756080280996,,0.008247783142544401,,0.7971046400179943,300.0527503908688,0.0,-0.0005813548503590897,0.006340057636887608,0.002304147465437788
SVT,0.4948843619513396,0.4206806398967723,-0.5987341772151898,0.9515654869505402,-0.028123765550906246,-0.01159760715950189,,0.0008191390782930526,,-0.3493698259709101,2.6774061248990364,-0.06763008040030755,-0.07308868724123058,0.047401484865790974,0.023401826484018264
SZC,0.6267014301848729,0.6869469662769292,-1.0,0.7276476208229455,0.04333818221986736,0.012509903798284597,,-0.0005549605344384347,,-10.990403296627425,275.5882077505479,-0.05572078947025144,-0.08142956666190793,0.04158283031522468,0.023458445040214475
TAC,0.4216342129831366,0.27071316498432846,-0.6722408026755853,0.9454238068875042,-0.004014648116227084,-0.03969404705276071,,0.0059970589764013,,0.2742961011373085,1.195041596340717,-0.042233068944478286,-0.057581898313707636,0.023875114784205693,0.023853211009174313
TCB,0.45761530617942914,0.5208954744959291,-0.863302752293578,0.9114419729169763,0.0477490013574102,0.034817357888336925,,-0.0009672168620329796,,-9.958216496855517,206.2737532529381,-0.035262668858551935,-0.06593217944840479,0.012711864406779662,0.018753781004234724
TCD,0.5168334832211832,0.39189089950381845,-0.9007751937984496,0.9452977987949209,0.04204955393358899,0.013125187558670943,,0.0018191802913814746,,-0.5213693727768075,4.727760588276998,-0.06677814938684501,-0.07273594442049512,0.045688178183894916,0.023972602739726026
TCL,0.309104362834756,0.30343278268649926,-0.5258064516129033,0.9416355275859764,-0.005324382498064615,0.02228038838415094,,0.0005650746313808803,,-2.3776151998314403,32.457757630352646,-0.024999999999999974,-0.048716712451339884,0.006857142857142857,0.02569960022844089
TCM,0.38297488967883137,0.2661246374703955,-0.6666666666666667,0.952818587235022,0.10914046703408249,0.04527859824695769,,0.0038590394972766,,0.11086839473917644,2.1651950392861217,-0.03578984771573599,-0.056691613259425004,0.02057142857142857,0.015419760137064534
TCO,0.5894245734926352,0.45808621518384174,-0.8038123167155425,0.9572219644304409,0.11034074495187536,-0.01674931888487714,,0.0012523440892475701,,-0.5561972227032352,5.179203246919082,-0.06822448029785917,-0.07431467614871769,0.07314285714285715,0.020559680182752713
TCR,0.5446748173245674,0.3743445308172406,-0.7303370786516854,0.9540941511737522,-0.07444185306000166,-0.03910096738860191,,0.003970073482859212,,-0.008675122526631529,-0.07196583932075873,-0.06666666666666654,-0.0684250975263244,0.03083952027412907,0.02968036529680365
TDG,0.6261234307676231,0.6531467308355708,-1.0,0.8320755305851061,0.14599259637798434,0.009916437161236514,,-0.00014046998546540096,,-9.330289553449546,234.9143274740685,-0.06060471320586927,-0.08136850129526853,0.043478260869565216,0.02058319039451115
TET,0.17506453160682728,0.5487282649405907,-0.3114285714285714,0.943493038916835,0.13098050505760844,0.03296093139083881,,0.011565228492797473,,1.1479708376837023,66.0278480413074,0.0,-0.0007877012208767877,0.012103746397694525,0.01728110599078341
TGG,0.6371591096141466,0.3974413291092272,-0.9745874587458746,0.9703810388852685,0.34962250735653744,0.05981623299015496,,0.0031727130876225904,,0.06639873053541562,-0.4896190670223044,-0.06901408450704216,-0.06952366423882805,0.10006253908692933,0.0175
THI,0.44986237389615935,0.34266573929384575,-0.5913978494623655,0.9452027155126108,-0.13472716518870134,-0.04935489064252544,,0.000241202405635646,,0.004131835812132263,0.8901310900289716,-0.05753479017177646,-0.06500422066174902,0.027961736571008096,0.026470588235294117
TIS,0.6927675997698668,0.5725877264370002,-0.8235294117647058,0.9671717053189156,-0.09244380217348615,-0.0063506243329314455,,0.005137577351183045,,0.674332072243705,7.974063646549615,-0.05985074626865672,-0.10723128278112261,0.09243212016175621,0.023094688221709007
TKU,0.6282080539279284,0.5326316430140905,-0.8075396825396826,0.9363405883558062,0.07874587320795035,0.07214337876421192,,0.0031239096346935835,,0.037431525508998094,1.8653895961828262,-0.08100517368810056,-0.0954550582526018,0.14714368147720716,0.02883506343713956
TLG,0.5124965176066412,0.60894444781323,-1.0,0.7679698927916085,-0.005961131253400816,-0.0028790348963394917,,0.0009636621157097514,,-17.0996732139745,524.9961231253214,-0.033592476411599015,-0.06385672707312322,0.01887871853546911,0.022298456260720412
TLH,0.4339732124274247,0.295502683337469,-0.8223140495867769,0.9579858041980622,0.1462044965400132,0.023807823290306795,,0.0024008001901489016,,0.12986097085828252,1.0763511460265125,-0.04678029096929942,-0.06414136261909631,0.03255282695602513,0.021689497716894976
TLI,1.0460324386613031,0.9862818858146297,-0.9047619047619048,0.9548477288757364,-0.10276952985998711,0.02378740478436985,,-0.0017878035846176643,,0.07843481310607872,5.981969858558617,-0.13846153846153852,-0.16127244470966046,0.2053206002728513,0.026584867075664622
TMC,0.35061928075103754,0.47256662941078065,-0.5625,0.9389895955741986,-0.03416454709068931,0.06361528042052163,,-0.0008488647999930349,,-0.3523968251728555,9.469273936558656,-0.02752293577981657,-0.06431956682612779,0.03919308357348703,0.02131336405529954
TMS,0.42936543093939145,0.3435909183878735,-0.6755102040816326,0.9372099746250308,-0.09718597317550427,-0.028380109524227884,,0.002127238916102437,,-0.6457033149171443,5.690270912600541,-0.0439898468421958,-0.0644301786506524,0.019428571428571427,0.019417475728155338
TNG,0.5241189639863153,0.3696127122081912,-0.7714285714285715,0.9551524108205743,0.035001402327201434,0.06103460947874682,,0.002741872342213285,,-0.051351989484886236,2.217144391518411,-0.054322979696114056,-0.08013187125341713,0.06693594922100404,0.02364475201845444
TNH,0.4245680064157396,0.35025558202864243,-0.7436849925705795,0.935964596654803,0.09973421438863116,-0.004764998269604251,,0.00243975439876672,,-1.084097373952917,10.045668155976166,-0.03867378926492232,-0.06790881700045313,0.026026026026026026,0.022
TNT,0.5202561393582062,0.339089016344741,-0.8643564356435643,0.9526934223787314,0.17126894531164272,0.047655991746324344,,0.005005841389105453,,0.14132660652663703,0.23052847840245905,-0.06512902085542593,-0.06854412583018578,0.045688178183894916,0.02454337899543379
TPB,0.3691081330934183,0.34634692036917936,-0.7067307692307692,0.9235353466070645,-0.009774908386457596,0.012945535384817986,,-0.0011713472270750563,,-2.1067435555281753,20.80939675957718,-0.034218045112781856,-0.06056557175899243,0.011911852293031567,0.025
TRA,0.2727212961924098,0.20140809170702098,-0.6073253833049403,0.9431362980200926,-0.09757384804397663,-0.029889356373571402,,0.0009343398301945409,,0.30097436954824575,3.5101031185169997,-0.027466752639638825,-0.04081316054425126,0.0057110222729868645,0.018835616438356163
TTN,0.6949311997232903,0.7413775560330591,-1.0,0.8875381658008751,-0.028411164760332213,-0.025368977382560998,,0.0036663946899371212,,-6.547760707381988,159.30373474638066,-0.05117340286831809,-0.09234830740972534,0.07300115874855156,0.024898668210770122
TVD,0.47794826005999264,0.3559035064426495,-0.7194570135746606,0.9604383173842946,-0.00511377753790621,0.0010187810291604246,,0.002831862341062176,,0.2996151790529265,2.9729489835150567,-0.04761904761904767,-0.07080408877892923,0.06174264281592614,0.02825836216839677
TYA,0.2939684439658769,0.2833074122684448,-0.5439024390243903,0.9403420032513294,-0.04569730908388386,-0.0017742697330869507,,-0.0007199040326719159,,-1.462840723559009,17.79699714714455,-0.025770872865275185,-0.046934736598027875,0.006282124500285551,0.02226027397260274
UDC,0.5395169956768804,0.24608353317777937,-0.41509433962264153,0.9327849374790761,-0.07853958822155079,-0.04193647920247007,,0.01545635557814691,,1.1658604625369717,3.4897336870151623,-0.04444444444444451,-0.0610470778571726,0.06451612903225806,0.017326732673267328
UIC,0.34533130410525853,0.26594808934321745,-0.5313901345291481,0.9489702251929809,-0.15531890304603174,0.009752444487259551,,0.002875632711658499,,-0.018319961169392805,2.256089907725987,-0.03542620137299768,-0.05305929391259327,0.00799543118218161,0.026255707762557076
UNI,0.7397637204581446,0.7317449360166971,-1.0,0.8479792009308416,-0.06701258075111277,0.02661043216057489,,0.003956253020003624,,-5.583032520401241,121.79141676420561,-0.07171120246659818,-0.09666531832415433,0.1283236994219653,0.019641825534373193
UPH,0.7235908495012497,1.3544131127358772,-0.7727272727272727,0.9452629502455825,-0.04510434240155522,0.023091740551876218,,-0.004857400263397857,,-1.7181863641316293,21.904742001228758,-0.028710124826629713,-0.12844142426766886,0.09216589861751152,0.02360391479562464
VBB,0.47777169335838293,0.3555359821949401,-0.732,0.953057996278265,-0.06665281204534705,0.04395783263198762,,0.0028490143217712316,,0.49747959776438844,7.178080760556103,-0.04385964912280704,-0.06994368279878928,0.04169769173492182,0.026785714285714284
VBC,0.6289778341227115,0.8712530990132462,-1.0,0.8614412972718242,-0.058258438142686254,0.00810199293690795,,0.003455547457430784,,-9.139222258150049,234.38540734314367,-0.05772727272727276,-0.09133596822906187,0.08564814814814815,0.031231925968768073
VCA,0.41762025381284484,0.35463292286946374,-0.6154929577464789,0.9508652775993143,-0.010967484878860621,0.006360410861441406,,0.0013647858464847056,,0.029524925526581976,7.815692209702814,-0.04193262411347521,-0.06552627256752358,0.025360230547550433,0.023617511520737326
VCB,0.2951068653793724,0.2376455489369306,-0.46735395189003437,0.938305344653008,0.005263492133338142,0.02521405087795922,,0.0003363535947470738,,-1.1448173593454234,14.408237477998181,-0.02615123791851781,-0.044155398920887406,0.004568817818389492,0.025684931506849314
VCG,0.5557154118204145,0.6568277262759925,-1.0,0.8501263556951882,0.05061543431673686,-0.054518584704035304,,-0.0016319422165668694,,-13.39623186718948,380.3337800275417,-0.044689283356989726,-0.07597554254931355,0.029243119266055047,0.02521489971346705
VCI,0.512056102164214,0.45047305410385646,-0.8796610169491526,0.9310105977260836,0.04335393830065459,0.01716102135353033,,-0.00041718181395999226,,-2.4650668512470824,29.55815017251423,-0.05700416088765603,-0.07757790213890765,0.038834951456310676,0.018835616438356163
VCS,0.4290453781542955,0.3786359285228687,-0.8587162932016711,0.926912665002967,0.04543852892949131,-0.005494090076634124,,0.0011562386254622067,,-2.9296684084759863,51.69874668812475,-0.03624401188527082,-0.06598568099793212,0.030005770340450086,0.02191464821222607
VDB,0.3710486869978284,4.015067372203487,-0.9108910891089109,0.8976473794076948,-0.0022900953002538793,-0.0022961837718186513,,,,-24.583965302560213,639.2232149275818,0.0,-0.0011178150201008204,0.003304692663582287,0.0
VFG,0.5496253586589389,0.6998041306370301,-1.0,0.8069523924579686,-0.06970170009979734,0.033532052709095546,,0.002043037911134353,,-13.916004876978615,400.24599516533397,-0.03826297984997793,-0.07054725793037259,0.020701552616446232,0.02528735632183908
VFS,0.3191628172299425,0.22212423443034907,-0.5655172413793104,0.9195643873322051,0.08468798985680222,0.06672544862523178,,0.0004731099494738218,,0.32304756516042443,4.537813796031968,-0.031299135220125784,-0.04636577831068776,0.011235955056179775,0.008403361344537815
VGC,0.5703627012386526,0.6343567477419496,-1.0,0.8035795269337354,0.05635811673458419,7.209915929257764e-05,,0.0005469615813586855,,-12.38711062259405,343.1262047226922,-0.04552845528455285,-0.07492151835039838,0.04360298336201951,0.024655963302752295
VGG,0.4180539387572151,0.32328389815010344,-0.5683453237410072,0.9579162437323832,-0.2903972569245327,-0.025900497761349065,,0.0013170773117367092,,0.18529108099549121,7.476791815523615,-0.03528809332977112,-0.0624916128249177,0.032909930715935336,0.022504327755337564
VGI,0.5192845070358455,0.359641154707918,-0.631578947368421,0.9511687662659222,0.07415007705927641,0.030448414914832776,,0.004520643752311884,,0.2129862068444093,3.452314619264155,-0.04684285345050401,-0.07574934797526078,0.05605670103092784,0.018673535093367676
VGS,0.5610357521324586,0.3914076921767175,-0.874,0.962447106808961,0.07501721744940903,0.019169446984438527,,0.004304008466637321,,0.13245523107902454,1.611462865704116,-0.059661172161172116,-0.08370321303848899,0.0918013856812933,0.0207732256203116
VGT,0.48774267071856603,0.3384934767231829,-0.760655737704918,0.9592699840525488,0.10387915343455537,0.034529673841919524,,0.0050732609757806295,,0.2516426017353638,4.5087782721410585,-0.043165715863084264,-0.07013300985180058,0.0415944540727903,0.024826789838337183
VHC,0.4486862772280897,0.3963839179138381,-0.8174532502226179,0.9209092561503119,0.0655400353965626,-0.012895232314293611,,-0.00024871231419374557,,-3.1273108107606507,52.008138376116655,-0.04506702391553231,-0.06702699637632747,0.029142857142857144,0.03198172472872644
VHG,1.0094869223578864,0.9125894611829198,-1.0,0.9359864609764246,-0.08809349450295212,0.008114919152445927,,0.008459447872888083,,-2.1475296086995748,36.38274939103269,-0.10344827586206895,-0.14408892892021888,0.17547937245787332,0.020905923344947737
VHM,0.5161217467070133,0.6283771471609526,-1.0,0.7570500340146388,0.044186181887661165,-0.010599856298067851,,-0.0010867641085351848,,-17.820212548307378,537.9169401363258,-0.03165735567970207,-0.06414609398415728,0.015051173991571343,0.02888086642599278
VIB,0.40525110976842715,0.38884446234777326,-0.7702702702702703,0.9251760961340206,0.041168720683749736,0.013020062273927293,,0.00037189824377149155,,-2.613210779486592,27.647370776239494,-0.03172669491525425,-0.06487501591912115,0.020080321285140562,0.02121559633027523
VIC,0.30593531806473945,0.24186847876927625,-0.7222222222222222,0.9540803073858442,0.07791743252993212,0.0390697193195776,,4.064799803484183e-05,,-0.08888015079540103,5.6091913338481465,-0.02782077743378053,-0.04765786879935858,0.018275271273557967,0.019406392694063926
VIG,0.7976484706065745,0.5292124231045645,-0.8529411764705882,0.9646088025789589,-0.11370927311320747,0.03851580762585527,,0.006828035569119137,,0.17719105352772513,0.7522256819213449,-0.09090909090909094,-0.10287503474888339,0.20265588914549654,0.02308136180034622
VIN,0.8293471001452869,0.6684513106203155,-0.6956521739130435,0.9572855910082392,-0.2221401744134895,-0.0064218845856576666,,0.00863675045474676,,0.6109434533274594,4.139393680862582,-0.08883177570093456,-0.12186657847510075,0.16628175519630484,0.031159838430467397
VIP,0.3797071674662316,0.27500582415834446,-0.6318021201413428,0.963417975138101,0.07875499796937183,0.019591270018076264,,0.0023933048438957334,,0.13738279089129582,2.2761964609668084,-0.03729094787853249,-0.05728582542830119,0.022844089091947458,0.025684931506849314
VIS,0.5857423663028756,0.333881970275506,-0.7291960507757405,0.8840539381528512,0.09727795398154777,-0.012060608437821642,,0.006092547569421316,,10.040804129337657,220.13587878021184,-0.05523582089552241,-0.06702457771501304,0.027958993476234855,0.0186219739292365
VJC,0.26473523184000997,0.2011520539464262,-0.5887768522577816,0.953237645762956,0.05772353018504345,0.022846160148552022,,0.00040306182382572955,,-0.07419076259260025,7.4226249703195055,-0.024061496282362982,-0.03961125463127572,0.010279840091376356,0.023972602739726026
VND,0.5254884863469187,0.4860239575012665,-0.8859154929577465,0.9354770314126551,-0.009238596511518036,-0.026603713781659225,,0.0004794767128554374,,-3.57727573302696,56.01706249612722,-0.05597197756585475,-0.07813116254342206,0.03268348623853211,0.02177650429799427
VNE,0.5449279150670828,0.6082915899682788,-1.0,0.7832366484245615,0.07845208668344114,0.02646559730969949,,0.001942364939034734,,-14.009592416002768,409.5626014195806,-0.043096906738240834,-0.06871467808857924,0.02231121281464531,0.022870211549456832
VNM,0.25683257705923523,0.20142743802565838,-0.712756052141527,0.9297705990875655,-0.03085986286332459,0.0258291983517308,,0.00031835759515679886,,-1.2449167907465635,18.811169289489136,-0.02359473379215149,-0.036885061945309223,0.005139920045688178,0.017123287671232876
VNR,0.3864663283137714,0.3362423150094356,-0.5674418604651162,0.9460495829783553,-0.09595201914060004,-0.005000536161283815,,4.805173287628778e-05,,-0.1535488730710473,5.097292247388186,-0.03703107129241325,-0.06250553100773701,0.03521939953810624,0.02308136180034622
VOS,0.5309888274455629,0.3190807004215971,-0.7557312252964428,0.9455121644677922,0.16139009398538148,0.031547700414724614,,0.005207367065682721,,0.1676013231444042,-0.0070136428687348484,-0.06387559808612442,-0.06799899831631516,0.04511707595659623,0.018835616438356163
VPB,0.43206603188307513,0.44343174627405063,-0.7984869325997249,0.9240306186480456,0.05683480450047873,0.02135367321005658,,-0.001379649686738437,,-4.756587181265587,67.17475818041123,-0.03788982003022401,-0.06628127040044567,0.015419760137064534,0.0228310502283105
VPI,0.4382513585933095,0.6232930946047498,-1.0,0.7241602961675352,-0.0173235367479465,-0.044238425986854284,,-0.0017374970050337713,,-27.492284540284118,985.4244921718265,-0.017178283375466508,-0.0424785045819906,0.004006868918145392,0.028604118993135013
VRC,0.5377261911293703,0.34690329074578896,-0.8566666666666667,0.9587816201342279,0.2425172121592486,0.03113445735774756,,0.00474715396555829,,0.126752684855819,0.0818656775401232,-0.0674302745507549,-0.06902061715639066,0.06510565391205025,0.021118721461187213
VRE,0.3708717841106281,0.26284886806216845,-0.7245901639344262,0.9498676359903042,0.021912659003849134,-0.015711087481005387,,-0.00019268441630963806,,-0.05648248087712182,2.1840292467283415,-0.03796514675052415,-0.05683486257730755,0.014848657909765849,0.02968036529680365
VSC,0.5516454587025277,0.6358880366629938,-1.0,0.7934848333233391,-0.0062080381942711095,0.003565149940117793,,0.0007169981928360249,,-14.665505665849595,400.07796657829795,-0.03448275862068961,-0.06896126909776107,0.016552511415525113,0.01825442099258414
VSH,0.29524212130980315,0.25448866505507955,-0.4871794871794871,0.9723110935312314,-0.006470272891928366,0.04009935612531985,,-0.0012166060621840464,,-0.047906947420125384,4.547274203887898,-0.028794642857142894,-0.04819993747455775,0.011422044545973729,0.02054794520547945
VSI,0.47660012808686275,0.36139698504881523,-0.561128526645768,0.9535369502053594,-0.1034803800818979,-0.00903501026075146,,0.0012459720499982466,,0.00946930350642872,0.7363348457204006,-0.06053558844256518,-0.06738269040738847,0.0336950314106225,0.02511415525114155
VSM,0.5683649366794898,0.5433374530076518,-0.504885993485342,0.9558662317725548,-0.1820995430528336,0.006752496084387473,,0.0018222530080201985,,0.10825772906628936,2.743959334718112,-0.07692307692307687,-0.09120729526622799,0.13279445727482678,0.02827466820542412
VTB,0.5934508123314537,0.6998826978248291,-1.0,0.8701387733798316,-0.10313005490524724,0.0201804931237507,,-0.0015973927060834205,,-10.9682808065162,291.03764977248255,-0.06098399765615185,-0.07814809496143145,0.014874141876430207,0.0274442538593482
VTC,0.6172692625864977,0.4760744055744113,-0.7222222222222222,0.9406732254920804,-0.027275764837943535,0.00896107124779587,,0.0014408841894898647,,0.05545601989098011,1.346617614426691,-0.0776485788113695,-0.09173853105026909,0.13575967648757944,0.026558891454965358
VTL,0.6756225215746987,0.7960835414737708,-0.881578947368421,0.9689183001148877,-0.10252079585137283,0.03420756379347234,,0.008890910481459749,,0.641308354582984,15.303444327551492,-0.09090909090909094,-0.11689912322231756,0.12023121387283237,0.017908723281340265
VTO,0.3420167151832729,0.26440048003694083,-0.6279365079365079,0.9558558676313216,0.032111384588362275,-0.017036814357310335,,0.0008325403672920367,,-0.07662832872331804,3.327046184033538,-0.03313596491228072,-0.05348976879158089,0.014857142857142857,0.023415191319246145
WCS,0.45281117061702725,0.42839028441382576,-0.36468085106382975,0.9530413452498189,-0.28054134205144243,0.007431394268990896,,-0.002409070868160921,,0.06934617839449705,4.226687778543112,-0.049696990067727646,-0.07461167220002136,0.058993637941006365,0.02601156069364162
