stock_code,primary_class,confidence_score,annualized_volatility,max_drawdown,autocorr_1d,hurst_exponent,beta_to_vnindex,sample_size,date_range,composite_score
HSL,High_Risk,0.9830677013772905,0.5004919352063056,-0.8845323741007194,0.20905571833261946,0.03700447164265787,0.7829542436205809,1415,2018-05-11 to 2023-12-29,0.9999999999999999
VTL,High_Risk,0.9830658815992964,0.47620506493437537,-0.7578947368421053,0.1573048455144874,0.032827412016242036,0.07854168231198616,1481,2018-01-03 to 2023-12-29,0.9558113969560357
FRT,High_Risk,0.9829659396511901,0.524228955155434,-0.9375,0.09291452584689881,0.018520892108579916,1.132138754800483,1422,2018-04-27 to 2023-12-29,0.9477874261164004
TDG,High_Risk,0.9818919664269885,0.5165969056841189,-0.8867647058823529,0.1916526911586212,0.028966938206136845,0.9208317306883123,1497,2018-01-03 to 2023-12-29,0.9999999999999999
CPC,High_Risk,0.9803878641620845,0.48265698276698366,-0.6843373493975904,-0.22074309798401698,-0.039428368576324334,-0.002646245297105645,1495,2018-01-03 to 2023-12-29,0.6833561048316981
UNI,High_Risk,0.9788154123903738,0.6545821132412516,-0.7848484848484849,-0.06499221234340259,-0.006302799950445022,0.4368953560041122,1486,2018-01-03 to 2023-12-29,0.7985241004179088
VBB,High_Risk,0.9759015998427847,0.5015283205065215,-0.732,-0.08076287270627454,-0.012877814270140201,0.8614641633509821,1094,2019-07-31 to 2023-12-29,0.7150058970394424
TKU,High_Risk,0.9758019784702954,0.6258496072308779,-0.8075396825396826,0.10393481208333481,0.022457278230720846,0.34765098351302687,1486,2018-01-03 to 2023-12-29,0.9745681946132072
VPB,High_Risk,0.9749185064401202,0.4585007036166113,-0.7984869325997249,0.061167742421626856,0.004304551554291143,1.3607293588755693,1497,2018-01-03 to 2023-12-29,0.7603645246696215
SJM,High_Risk,0.9742565544244524,1.088861535863469,-0.7454545454545455,-0.05993432259170806,-0.01103497905886576,0.3013263308215855,1483,2018-01-03 to 2023-12-29,0.6963989642577258
CRC,High_Risk,0.9738163872290466,0.4161452299155252,-0.7991379310344827,0.1475631196601028,0.017626505351902546,0.7293122102684131,1343,2018-08-21 to 2023-12-29,0.740791580835578
SHB,High_Risk,0.9724889544335882,0.45987087161877516,-0.7273846153846154,0.09170046251202989,0.0128138345758696,1.2556856231458216,1496,2018-01-03 to 2023-12-29,0.7582587032048379
BTS,High_Risk,0.9708105663473848,0.5573101992399344,-0.7543859649122807,-0.056409646252480884,-0.023691891743767273,0.7378706388929261,1495,2018-01-03 to 2023-12-29,0.7090819502518089
FIC,High_Risk,0.9699162278932396,0.9439494259181362,-0.7261904761904762,-0.18030632097689173,-0.02835283802667092,0.5217011853520014,1347,2018-08-03 to 2023-12-29,0.7829273818964542
KLB,High_Risk,0.9683872862745859,0.5956270153907525,-0.736842105263158,-0.18310885103801153,-0.035922281480909674,0.4632610945603969,1487,2018-01-03 to 2023-12-29,0.8082682916649278
DTD,High_Risk,0.9671954885123095,0.591641463610937,-0.8588640275387264,0.16070111536784143,0.019320541673942374,1.1109978241059217,1496,2018-01-03 to 2023-12-29,0.9999999999999999
SZC,High_Risk,0.9670483218590717,0.49362477375003705,-0.7374100719424461,0.08405387431808595,0.013308243126817235,1.4109540777786242,1240,2019-01-16 to 2023-12-29,0.8358743794883154
CMT,High_Risk,0.9665166888971884,0.6797297348684914,-0.7544303797468355,-0.13054812030696958,-0.013860146169727897,0.5181930027227064,1483,2018-01-03 to 2023-12-29,0.8501119264397354
HSG,High_Risk,0.9619581250282736,0.5054088405529813,-0.8525576730190572,0.09415105602852807,0.010544959123769385,1.4672618363915848,1496,2018-01-03 to 2023-12-29,0.9477456579791985
SGT,High_Risk,0.9604940243069224,0.5847862004595069,-0.7546174142480211,0.050027447065948645,0.004852833215261821,0.6050156936949106,1496,2018-01-03 to 2023-12-29,0.7646012800619842
TNT,High_Risk,0.9596669699919074,0.5434883656476779,-0.8643564356435643,0.19159946782357257,0.03135150030771388,0.8272730602228779,1497,2018-01-03 to 2023-12-29,0.9999999999999999
VHC,High_Risk,0.9595427768728584,0.4697172033909604,-0.8174532502226179,0.08106561764607437,0.014941664134595025,0.9728693849260136,1496,2018-01-03 to 2023-12-29,0.8887246339176206
HCM,High_Risk,0.9587826539016802,0.5160415411184054,-0.878804347826087,0.023794078189961446,0.006439821128164859,1.6236771451567218,1497,2018-01-03 to 2023-12-29,0.7778596331542551
VHG,High_Risk,0.9584667962598441,0.9752125414941606,-0.9148936170212766,-0.08214663300039224,-0.016114789970080645,1.3306023356175802,1475,2018-01-03 to 2023-12-29,0.8216200072913541
TLI,High_Risk,0.9583851493528195,0.9369058635532631,-0.9047619047619048,-0.05610428510508022,-0.002485148958337637,0.32465768178911947,1217,2019-01-28 to 2023-12-29,0.7946817655343333
JVC,High_Risk,0.9583050972038671,0.5256434569871796,-0.8282527881040892,0.18975533512558096,0.025940388643418046,0.9477268754443905,1496,2018-01-03 to 2023-12-29,0.9999999999999999
LDP,High_Risk,0.9560164496230927,0.6779115694695247,-0.9197080291970803,0.004961216361097101,-0.004399470140234275,0.43585531317665815,1496,2018-01-03 to 2023-12-29,0.7274443249291429
MLS,High_Risk,0.9540392970677585,0.7360051450812425,-0.8051001821493625,-0.025764641359716883,-0.004168565663636305,0.5395980768751462,1480,2018-01-03 to 2023-12-29,0.7285182992389009
SJG,High_Risk,0.9539838504669658,0.925540902372685,-0.7414248021108178,-0.08182312749648898,-0.013101545672268905,0.3199684278934744,1457,2018-02-13 to 2023-12-29,0.7400046675118057
AMV,High_Risk,0.9526540714234404,0.5309350506730907,-0.9316455696202531,0.06031046443021495,0.004035439483271681,1.062896376650549,1496,2018-01-03 to 2023-12-29,0.8352316618142643
ASM,High_Risk,0.952228350263929,0.49374736561173593,-0.7755775577557755,0.17448684447267082,0.029818594062635546,1.2492861895606115,1497,2018-01-03 to 2023-12-29,0.9999999999999999
SKG,High_Risk,0.9521752654732693,0.41286149625573354,-0.784923076923077,0.12299533087730564,0.01240410882218461,0.9523502182163269,1497,2018-01-03 to 2023-12-29,0.7267585310074084
VRC,High_Risk,0.9508157031031752,0.5425429817699453,-0.8566666666666667,0.23534687710253724,0.04416241089636942,0.93336623361949,1497,2018-01-03 to 2023-12-29,0.9999999999999999
MPT,High_Risk,0.9499017326075186,0.7660572201421563,-0.9206349206349207,-0.11184815247409749,-0.007980703226522824,0.539426416936365,1486,2018-01-03 to 2023-12-29,0.9045860962922582
VIG,High_Risk,0.9480208833227083,0.8501005415957024,-0.8529411764705882,-0.11498313167680224,-0.01669696888407123,1.3110900746664556,1485,2018-01-03 to 2023-12-29,0.8999999999999999
ROS,High_Risk,0.9470341005963887,0.5793989154085266,-0.9880160550458715,0.25772308960869744,0.048910371510507304,0.8957794203604399,1150,2018-01-03 to 2022-08-12,0.9999999999999999
MML,High_Risk,0.9449252152153289,0.478332176645943,-0.772020725388601,-0.08698459032239236,-0.009428603458188184,0.4832917906296198,1002,2019-12-10 to 2023-12-29,0.8293903860162677
CTD,High_Risk,0.9426859578199097,0.4568236695589019,-0.8904347826086957,0.1716743437396129,0.02542260715392334,1.0836287222851007,1497,2018-01-03 to 2023-12-29,0.9146310664910339
DXG,High_Risk,0.9412443344082699,0.5253769417747659,-0.8175401069518717,0.09051263179063493,0.007423149943109446,1.687085132843756,1497,2018-01-03 to 2023-12-29,0.9243837580782281
TGG,High_Risk,0.9408497726810944,0.6933562818146533,-0.9745874587458746,0.3497399180733877,0.05618815220621049,0.873695879669535,1350,2018-05-28 to 2023-12-15,0.9999999999999999
VGT,High_Risk,0.9406780836575561,0.5057850644523427,-0.760655737704918,0.10677329955519353,0.01058998840247468,1.3517009326313179,1482,2018-01-03 to 2023-12-29,0.9435512882164655
NKG,High_Risk,0.9401242152509018,0.5110374896888649,-0.9006772009029345,0.16756156951283582,0.028078081969519417,1.3805097740100536,1495,2018-01-03 to 2023-12-29,0.9999999999999999
IDI,High_Risk,0.9400423390497261,0.519877609688298,-0.8235294117647058,0.20563224546216194,0.03363421811353976,1.1569021923994158,1496,2018-01-03 to 2023-12-29,0.9999999999999999
PSH,High_Risk,0.9381081951165687,0.5242374681688233,-0.8804314329738059,0.22598624685887256,0.03499283379296552,0.912687562634862,883,2020-06-25 to 2023-12-29,0.9999999999999999
ANV,High_Risk,0.935890496183498,0.49218359388770794,-0.7472527472527473,0.10508849708546321,0.00733566820982561,1.164262206874692,1496,2018-01-03 to 2023-12-29,0.8924340448164747
DBC,High_Risk,0.9357186403997844,0.5146215119999714,-0.8672955974842768,0.10134591608258291,0.01265232948605755,1.0207990757235814,1493,2018-01-03 to 2023-12-29,0.9682768313063982
LIG,High_Risk,0.9339558484015824,0.5816574818988498,-0.8701923076923077,0.058025481701717674,0.0016320779464743815,1.082034703781274,1496,2018-01-03 to 2023-12-29,0.8185004226267315
STT,High_Risk,0.9332926151129234,0.6386713006804823,-0.8761904761904762,-0.098087390499435,-0.006345365354440655,0.17923169294097602,1477,2018-01-04 to 2023-12-29,0.8787518281276803
VOS,High_Risk,0.932166075264552,0.5442003810325338,-0.7557312252964428,0.16647207553458312,0.027669237000643984,1.0894862155367728,1497,2018-01-03 to 2023-12-29,0.9532067215617196
HAG,High_Risk,0.9321097972200713,0.48237912430858343,-0.6996466431095407,0.09792822974223157,0.008376211556396982,0.9807411314422823,1497,2018-01-03 to 2023-12-29,0.7666153949235952
TTN,High_Risk,0.9317841407768006,0.5764856909794248,-0.7724137931034483,-0.07139186836239257,-0.004668951719701937,0.6645846457088854,1480,2018-01-03 to 2023-12-29,0.8145710359765024
AGR,High_Risk,0.9307839339488089,0.4687703277666015,-0.792057761732852,0.10924163645011319,0.014717766545636495,1.3748820518602594,1496,2018-01-03 to 2023-12-29,0.9531496485162995
TNG,High_Risk,0.9298996405663229,0.548212578693137,-0.7714285714285715,0.04325694041292997,0.005772000076145188,1.524948663685882,1486,2018-01-03 to 2023-12-29,0.7924180614616915
DQC,High_Risk,0.9286119770133752,0.4051172569906649,-0.8012326656394453,0.10666410182592233,0.015853089113153567,0.7855085502586687,1497,2018-01-03 to 2023-12-29,0.6748642248904304
KHS,High_Risk,0.9284756445796994,0.6636866379113848,-0.7690288713910761,-0.11841339775944085,-0.022679524467847247,0.16815788646605212,1496,2018-01-03 to 2023-12-29,0.8848426757916166
IJC,High_Risk,0.9282137590620646,0.4563564763969974,-0.7473972602739726,0.10160321810558329,0.018028724916467245,1.2695211559314576,1495,2018-01-03 to 2023-12-29,0.8149163075729128
TCD,High_Risk,0.9248512153003312,0.5386722197160789,-0.9007751937984496,0.045713827442945026,0.010218316256593703,0.6910513278892951,1497,2018-01-03 to 2023-12-29,0.8285174493749073
KMR,High_Risk,0.9237271463832075,0.43792618428568947,-0.8076923076923077,0.11196295750284659,0.01803931281659737,0.7116948024340634,1496,2018-01-03 to 2023-12-29,0.8279502434207487
SGP,High_Risk,0.9210580442255863,0.6496982484828797,-0.8042452830188679,-0.15280880680550374,-0.021241147929076564,1.0946541132709968,1483,2018-01-03 to 2023-12-29,0.8999999999999999
LCG,High_Risk,0.9198752413227352,0.47489820785305653,-0.8196463654223969,0.12042254908206673,0.02229604306491297,1.2633569594664684,1496,2018-01-03 to 2023-12-29,0.9918726831327201
LSS,High_Risk,0.9188206222601658,0.45732591595337957,-0.7486772486772486,0.05185734199924591,0.008651366735493923,0.8564651929473678,1497,2018-01-03 to 2023-12-29,0.6893611502436888
HAP,High_Risk,0.9186769915052522,0.4313272751459948,-0.7979166666666666,0.27074764087966297,0.0546023874185748,0.7393234639966643,1490,2018-01-03 to 2023-12-29,0.8056721160085246
VCI,High_Risk,0.9185976848584199,0.5292337618941965,-0.8796610169491526,0.055769812223415795,0.0072996097070660996,1.4651833397991512,1497,2018-01-03 to 2023-12-29,0.8393794571476119
ELC,High_Risk,0.9183593574576672,0.4520332682123539,-0.8058727569331158,0.18805752236470222,0.029607621717955983,0.8873257477955889,1495,2018-01-03 to 2023-12-29,0.8941592658647602
EVG,High_Risk,0.917732988256489,0.5160414234644111,-0.875,0.2158839440275463,0.04125431689813117,0.9951534552949701,1496,2018-01-03 to 2023-12-29,0.9999999999999999
TLH,High_Risk,0.9169755044515666,0.45218753208926205,-0.8140495867768595,0.14661072803678843,0.023313830685397535,1.118710160386247,1497,2018-01-03 to 2023-12-29,0.8948185132019745
TIS,High_Risk,0.9160624941251313,0.7203195645054171,-0.8235294117647058,-0.08976685859194604,-0.02369807344495976,0.5686945488225277,1482,2018-01-03 to 2023-12-29,0.8401381739779976
SCR,High_Risk,0.9158745817664495,0.48151994513494734,-0.8526717557251908,0.10900191595411768,0.017352330303625825,1.370885644844387,1496,2018-01-03 to 2023-12-29,0.986881934274891
PDR,High_Risk,0.9123820090155651,0.4006778239250014,-0.897979797979798,0.14597299438522024,0.023624087654188084,0.7787249708699333,1497,2018-01-03 to 2023-12-29,0.6746915552350488
PVX,High_Risk,0.9116206161650136,0.8025721549420602,-0.7407407407407407,-0.23071644287319054,-0.03471043000636016,0.567560303069003,1482,2018-01-03 to 2023-12-29,0.8175433958939113
VCS,High_Risk,0.9098403727635039,0.4435636557591149,-0.8587162932016711,0.053730393279502076,0.0033622484443669785,1.0075323441490767,1486,2018-01-03 to 2023-12-29,0.6740744291828854
TCO,High_Risk,0.9070392520942809,0.5949505827934382,-0.8038123167155425,0.09300700964580008,0.01681142326101955,0.41209440606804804,1496,2018-01-03 to 2023-12-29,0.9480121741088702
GEX,High_Risk,0.9053992455009556,0.457762769236861,-0.7843137254901961,0.0915814622698723,0.01764751229700665,1.28097446649932,1492,2018-01-04 to 2023-12-29,0.8631922164285178
HDC,High_Risk,0.9035600136009351,0.49239151759208577,-0.7730434782608695,0.10497734893276153,0.025843278683709045,1.1603379027597742,1497,2018-01-03 to 2023-12-29,0.9714953819120887
FCN,High_Risk,0.9026085821677504,0.46086668564412114,-0.8272222222222222,0.1292227974409779,0.023671192602263316,1.2444714089211628,1496,2018-01-03 to 2023-12-29,0.9319089130090646
KBC,High_Risk,0.9019153285461726,0.4311959179825264,-0.7753623188405797,0.09961386244920747,0.016374245417586374,1.195091488875417,1495,2018-01-03 to 2023-12-29,0.7690888241859823
NBB,High_Risk,0.9010371369954053,0.46852075798248777,-0.7998324958123953,0.08037669567332006,0.007340770253154381,0.6585306239129214,1496,2018-01-03 to 2023-12-29,0.8639875410789373
FTS,High_Risk,0.8958805931628813,0.4938328083891502,-0.822623828647925,0.10553286620301736,0.02501686577305252,1.2476273829430582,1496,2018-01-03 to 2023-12-29,0.9784516797157164
TCB,High_Risk,0.8902621321069899,0.4392606976850647,-0.863302752293578,0.04826398782247745,0.014479462779207326,1.3391061408642593,1398,2018-06-05 to 2023-12-29,0.6788562819771718
DGC,High_Risk,0.8891512326209797,0.4610082634245775,-0.8061224489795918,0.0572564713228306,-0.0029347746764336446,0.8828896607761022,1493,2018-01-03 to 2023-12-29,0.7279043958907541
BVB,High_Risk,0.8875014729889963,0.47009170091354663,-0.7234848484848484,0.08445655520943485,-0.00936379991761044,1.2811262557320153,862,2020-07-10 to 2023-12-29,0.6794104209608554
LAS,High_Risk,0.8871284228325542,0.48402208621276643,-0.7940074906367041,0.004285272336486618,-0.0026826363955484204,0.9411237757258546,1495,2018-01-03 to 2023-12-29,0.7354295981602399
DGW,High_Risk,0.8864211225476994,0.5463119510675962,-0.8301775147928994,0.09115500051407242,0.01644472686258427,1.2492650851023475,1497,2018-01-03 to 2023-12-29,0.9435115443841371
VGS,High_Risk,0.8809943288437565,0.5737372029927061,-0.874,0.09125723297547103,0.0082071520058593,1.1946176895303486,1485,2018-01-03 to 2023-12-29,0.9298397597008943
BSI,High_Risk,0.8799786288882022,0.4876733645589561,-0.7687140115163148,0.09369151675131158,0.02286593383085622,1.2390960958874586,1491,2018-01-03 to 2023-12-29,0.9337692217892887
HAH,High_Risk,0.8788861438391136,0.476666603642616,-0.7760707635009311,0.09485129060684817,0.010039295737856165,0.9813479993866581,1496,2018-01-03 to 2023-12-29,0.9465253289674871
DIG,High_Risk,0.8788007404170526,0.5336058405543457,-0.9156928213689483,0.11366784058916525,0.028677167493000463,1.4147818652712694,1497,2018-01-03 to 2023-12-29,0.998220754773184
DSG,High_Risk,0.8771004722064099,0.8346698802435976,-0.8454545454545455,-0.08737841901511247,-0.014123546014201084,0.11468441902863914,1486,2018-01-03 to 2023-12-29,0.8343339465737848
CII,High_Risk,0.8765786760185877,0.437744363240602,-0.81433506044905,0.08622231731373355,0.01015224152235249,1.0732231818129823,1497,2018-01-03 to 2023-12-29,0.7597467390773529
MBS,High_Risk,0.8736116422780651,0.5478348587704223,-0.8034934497816594,-0.023790570777247222,-0.004964081504973253,1.7052540565809966,1494,2018-01-03 to 2023-12-29,0.7248182255582639
CEO,High_Risk,0.8688225902418774,0.663569159129133,-0.9124324324324324,0.08326920997909006,0.012086008146779537,1.7486207082682952,1495,2018-01-03 to 2023-12-29,0.9243480193902552
PET,High_Risk,0.8685305903295905,0.45151562203386214,-0.7964601769911505,0.1408860037116976,0.024739835625008876,1.1388910614784256,1497,2018-01-03 to 2023-12-29,0.8919471027088125
VND,High_Risk,0.8675018284585276,0.5543931815751779,-0.8859154929577465,-0.005958618281622433,0.005374313632169994,1.535085356844195,1490,2018-01-03 to 2023-12-29,0.7729037843356743
UPH,High_Risk,0.8597566221251476,0.7105653893284608,-0.7727272727272727,-0.01642458622657458,-0.0005798217591802807,0.05325331628875959,1487,2018-01-03 to 2023-12-29,0.7388515414889054
SUM,High_Risk,0.8524522334605219,0.5745634328386676,-0.7663551401869159,0.1483963559432602,0.017022137465129435,0.06226083290414053,968,2018-01-08 to 2021-12-01,0.9784816975105056
VIS,High_Risk,0.8519292431912755,0.5857423663028756,-0.7291960507757405,0.09727795398154777,-0.006944838746411607,-0.03092604615492956,1073,2018-01-03 to 2022-05-13,0.7640743777644077
MVN,High_Risk,0.8366458149135446,0.723370603301843,-0.7799227799227799,-0.06590871989007854,-0.0020742355992588294,0.4427163887258144,1298,2018-10-09 to 2023-12-29,0.8204190774226101
BAF,High_Risk,0.8259923080562634,0.5447495216908469,-0.7534992223950233,0.11213717127114115,0.010157510269276132,0.991829653023608,518,2021-12-06 to 2023-12-29,0.9375488775870809
VHM,Low_Risk,0.9823917180865825,0.3519281523401411,-0.6795833333333333,0.05892873498729911,0.003299096253291712,1.0670764295565214,1410,2018-05-18 to 2023-12-29,0.20049501759908814
BMP,Low_Risk,0.9814981393003208,0.33724341981812805,-0.6455223880597014,0.05936451707442837,0.005334309218272751,0.7757682465373175,1496,2018-01-03 to 2023-12-29,0.1389741378882855
IMP,Low_Risk,0.9788896758203897,0.3082348234512734,-0.4652777777777778,-0.07453275978041282,-0.01102835178676797,0.409718810788701,1497,2018-01-03 to 2023-12-29,0.10311727771667756
VNR,Low_Risk,0.9786727690145496,0.41055077080929697,-0.5674418604651162,-0.09666477664537915,-0.01263622973406958,0.6246968726047896,1485,2018-01-03 to 2023-12-29,0.2737846727424622
FMC,Low_Risk,0.9786166416346278,0.36317615802745223,-0.5945945945945945,0.060150043063589766,0.004200880534534979,0.9484216190326125,1496,2018-01-03 to 2023-12-29,0.13561130971356009
DHG,Low_Risk,0.9749598940717882,0.2778470153089233,-0.4116347569955817,0.07040892053604768,0.008572914796398483,0.406725503070052,1497,2018-01-03 to 2023-12-29,0.18087679622445652
TRA,Low_Risk,0.9736961044168394,0.2797997145677411,-0.605982905982906,-0.07170628936639177,-0.011342953808135922,0.26273618310858526,1497,2018-01-03 to 2023-12-29,0.09624857683205777
FOX,Low_Risk,0.9720324765553785,0.3773057960914595,-0.5772972972972973,-0.05192579335835212,-0.007743075103004457,0.4114454975485982,1488,2018-01-03 to 2023-12-29,0.06007200166333461
ACB,Low_Risk,0.9687985453202438,0.36803108255547695,-0.6615087040618955,-0.06461627302959638,-0.001794580436155469,1.1303073569738276,1494,2018-01-03 to 2023-12-29,0.14762427168157904
CSM,Low_Risk,0.9680935376323806,0.3150920666680868,-0.4788418708240535,-0.12092002174552165,-0.017082314738924326,0.5216337241091937,1497,2018-01-03 to 2023-12-29,0.2
UIC,Low_Risk,0.9663100841709391,0.3570890627473099,-0.5313901345291481,-0.15153939841850844,-0.024816165334484438,0.18871291763530165,1497,2018-01-03 to 2023-12-29,0.2
TET,Low_Risk,0.9659860937659206,0.18428826987515146,-0.3114285714285714,0.13786386689657804,0.03126722624486216,0.008375719674565203,1488,2018-01-03 to 2023-12-29,0.30000000000000004
PME,Low_Risk,0.9654360548717589,0.3126287415586655,-0.47398190045248867,-0.12862884563624985,-0.04121874642166326,0.08571763831883303,981,2018-01-03 to 2022-05-13,0.2
TLG,Low_Risk,0.9644546422317963,0.35162692304257853,-0.7490421455938698,-0.03299406830991129,-0.005315261049163063,0.5473488686399218,1497,2018-01-03 to 2023-12-29,0.2626505090994015
DVP,Low_Risk,0.9641872738900641,0.2749056961758086,-0.575113808801214,-0.01383052540009581,-0.002473401680438841,0.4048464477860607,1497,2018-01-03 to 2023-12-29,0.036402782881679814
STG,Low_Risk,0.9641193680710716,0.4218088652589282,-0.4416475972540046,-0.09715879325379478,-0.014878345347140946,0.2578665912704212,1497,2018-01-03 to 2023-12-29,0.32309671387187733
VRE,Low_Risk,0.9626757956614034,0.3799589748297254,-0.7098360655737705,0.02665610159456678,0.01007268326847102,1.2030471734131867,1497,2018-01-03 to 2023-12-29,0.23877585488307163
CTG,Low_Risk,0.961106523356084,0.38516762137199423,-0.6360294117647058,-0.03287840814288091,-0.00595309600974159,1.3486382673867763,1497,2018-01-03 to 2023-12-29,0.03051843226325203
STK,Low_Risk,0.9608634374481939,0.41316255154449605,-0.6455882352941176,-0.03417241927086326,-0.0032327976551994216,0.6678818707046631,1497,2018-01-03 to 2023-12-29,0.16595205647323172
MFS,Low_Risk,0.9607850185490323,0.40400330593744627,-0.45299145299145305,-0.13568699795082734,-0.03416869059133449,0.4247580137894996,1166,2019-04-17 to 2023-12-29,0.2889030168266935
VCB,Low_Risk,0.9603014787860393,0.3124168767315734,-0.46735395189003437,0.0021016304940480986,-0.0010308580814812759,0.9735128545796935,1497,2018-01-03 to 2023-12-29,0.04311228799311035
CMG,Low_Risk,0.9587323310976117,0.41012076774416745,-0.5473833097595474,0.03811769560997436,0.001387032778910685,0.8965270782057243,1497,2018-01-03 to 2023-12-29,0.18402811263714203
DRC,Low_Risk,0.9571459717604069,0.3746101229761985,-0.5488126649076517,0.03841980481324344,-0.0013662109697220553,1.0421205816656756,1497,2018-01-03 to 2023-12-29,0.05691047750212455
TMC,Low_Risk,0.9560334055098145,0.357711933330849,-0.5113636363636365,-0.026228515506222457,-0.007208552605424267,-0.0011318074409370914,1488,2018-01-03 to 2023-12-29,0.014378825091049922
VCA,Low_Risk,0.9554384611210518,0.4153010296830163,-0.6009389671361502,-0.049048058045826924,-0.006177641800748426,0.4096710279862756,1481,2018-01-03 to 2023-12-29,0.19754369288444917
DVN,Low_Risk,0.9552079656778356,0.41775257184058445,-0.6618705035971223,-0.02282778443284529,-0.0032501306599487844,0.6080694255020943,1485,2018-01-03 to 2023-12-29,0.21035668889554074
DSN,Low_Risk,0.9524049863262859,0.20638790964453865,-0.3761609907120743,-0.12201303249447978,-0.013751155641999208,0.305760715343097,1496,2018-01-03 to 2023-12-29,0.2
OCB,Low_Risk,0.9519527215332422,0.4088805342752517,-0.6253869969040248,0.04768641444243506,0.008711407051878037,1.0658901210476375,729,2021-01-29 to 2023-12-29,0.23604809238364913
VFG,Low_Risk,0.9506354350510526,0.39925267499859773,-0.5300699300699301,-0.16287601434056567,-0.014977978200639775,0.12948384637961413,1488,2018-01-03 to 2023-12-29,0.2686011752076827
SBA,Low_Risk,0.9498107435662477,0.20519007952867038,-0.23220973782771537,-0.131343533402792,-0.018186969448555614,0.23108094696899023,1497,2018-01-03 to 2023-12-29,0.2
BWE,Low_Risk,0.9490434354445376,0.3074947854356722,-0.44561403508771924,0.04403650827042365,0.0013224650856040203,0.621753803455588,1497,2018-01-03 to 2023-12-29,0.08306528764155122
SJD,Low_Risk,0.948478574388167,0.2117375151205663,-0.5116696588868941,0.057466588030687105,0.006056566042057801,0.3297647989667111,1497,2018-01-03 to 2023-12-29,0.13772125070394206
DRL,Low_Risk,0.9479528877754642,0.30291684814598907,-0.31034482758620685,-0.22846776329566762,-0.035001344095560175,0.0904879714363578,1495,2018-01-03 to 2023-12-29,0.2
VJC,Low_Risk,0.9474985512310198,0.27728074697898014,-0.5887768522577816,0.058944919224538525,0.013440231424150406,0.5989913655644716,1497,2018-01-03 to 2023-12-29,0.1652367417364241
MSN,Low_Risk,0.9474620984395156,0.3701722985092451,-0.663953488372093,0.0722088239847453,0.011674406997131884,1.034142407412351,1497,2018-01-03 to 2023-12-29,0.2323313932222448
FPT,Low_Risk,0.9468655323716426,0.3105782950470112,-0.434819897084048,0.02271875014511925,0.002927509215461543,0.977445218281709,1496,2018-01-03 to 2023-12-29,0.06152329867656532
BID,Low_Risk,0.9467308038127848,0.3919317923991954,-0.5252747252747252,-0.012214538828063701,-0.0015794849293360098,1.3747587202949239,1497,2018-01-03 to 2023-12-29,0.07787588734570439
PLX,Low_Risk,0.9465607443840205,0.3412191069395255,-0.7352309344790549,0.04146936808461486,0.002536666738224112,1.1172839357050148,1497,2018-01-03 to 2023-12-29,0.286909456296368
GAS,Low_Risk,0.9441908650175648,0.37138007461304867,-0.6039676708302719,0.03673282124565285,0.005215643753047075,1.1562450937615356,1497,2018-01-03 to 2023-12-29,0.08342415973544588
MCH,Low_Risk,0.9439341116333494,0.2868863579118677,-0.53,-0.05863062319266668,-0.002990956906528745,0.29394577668296346,1486,2018-01-03 to 2023-12-29,0.09846850964295978
EVE,Low_Risk,0.9437242750334138,0.3822163299686982,-0.6165829145728643,0.027013466037316206,0.0006817929292786482,0.7171230926859332,1496,2018-01-03 to 2023-12-29,0.05107810664780767
MIG,Low_Risk,0.9437185225203669,0.41365696925833856,-0.6170212765957447,-0.05157228672274073,-0.01575826846050145,0.8658552999203049,1490,2018-01-03 to 2023-12-29,0.17747824763402242
DBD,Low_Risk,0.9435634611531034,0.26488828457901153,-0.4390625,-0.01763059120754936,-0.0025449706458382597,0.26669205629302317,1493,2018-01-03 to 2023-12-29,0.03606990397284531
GMD,Low_Risk,0.942819996228516,0.3625098934900161,-0.675704989154013,0.03793948508404286,0.0030111053558201993,1.0133211917249714,1497,2018-01-03 to 2023-12-29,0.13892201249324052
TAC,Low_Risk,0.9398073649348317,0.4216342129831366,-0.6722408026755853,-0.004014648116227084,-0.005077005667325431,0.48284714548365626,1089,2018-01-03 to 2022-05-19,0.24311941348995125
POW,Low_Risk,0.9397002005450328,0.3747385363296254,-0.5948571428571429,-0.0013833590105528507,-0.004243939749214612,1.1600792669187607,1448,2018-03-07 to 2023-12-29,0.02816772209667623
QNS,Low_Risk,0.9385824274449428,0.296685109266636,-0.69558599695586,0.005191479832449127,-0.0016991468527585694,0.5646585565089499,1483,2018-01-03 to 2023-12-29,0.1501213280534133
BMI,Low_Risk,0.9372812946690441,0.39278188558031885,-0.6595092024539877,0.029089749407540125,0.008256738099618134,0.9217324874473698,1497,2018-01-03 to 2023-12-29,0.15154698716483156
MBB,Low_Risk,0.9321207594208301,0.3681999920923345,-0.6743383199079402,-0.0073904795000098895,0.00031785212347762415,1.3032760630846223,1497,2018-01-03 to 2023-12-29,0.10895313010466684
PGI,Low_Risk,0.9305186992978028,0.40686684565947134,-0.4931506849315068,-0.1592456634006643,-0.0256464072195577,0.1859261218264295,1496,2018-01-03 to 2023-12-29,0.30114036606611694
GEG,Low_Risk,0.9273345302208365,0.3818992817588239,-0.6721649484536083,0.07402216506839579,0.006943124139042746,0.8104484544094765,1493,2018-01-03 to 2023-12-29,0.23647422280765973
NNC,Low_Risk,0.9271781959561063,0.29072044064198854,-0.7703389830508475,-0.03255811631954381,-0.007209422662367982,0.4395577760520085,1496,2018-01-03 to 2023-12-29,0.30344757778655973
GDT,Low_Risk,0.9262533640776482,0.2903373767835205,-0.6604938271604939,-0.001395016691145927,0.002319303774158512,0.4240214865243918,1496,2018-01-03 to 2023-12-29,0.08532527000620564
BVH,Low_Risk,0.9261248631482708,0.36255127899540474,-0.70064874884152,0.04317465539609776,0.002148750346556118,1.13583468047101,1497,2018-01-03 to 2023-12-29,0.20697602909142576
STB,Low_Risk,0.925486800346714,0.40015334399816355,-0.5857740585774058,-0.019871869696747032,-0.0069283112950853515,1.36133914609937,1496,2018-01-03 to 2023-12-29,0.08813246107245465
NT2,Low_Risk,0.9250297147430913,0.3285040911714708,-0.5554035567715458,-0.05800354842158093,-0.002386520826402058,0.7119563759058652,1496,2018-01-03 to 2023-12-29,0.09975596474130893
PVI,Low_Risk,0.9248372011276298,0.3209629181853124,-0.39220183486238536,-0.07202642221138038,-0.010148855179670048,0.6063921633025541,1489,2018-01-03 to 2023-12-29,0.09772954159781351
NSC,Low_Risk,0.9246746636347771,0.30261845741929255,-0.5,-0.20628654634526936,-0.0318684430263007,0.19927459466050135,1487,2018-01-03 to 2023-12-29,0.2
VNM,Low_Risk,0.9245662929835823,0.26793566938992913,-0.6997206703910615,-0.026130153756200713,-0.006293756579600276,0.6773187415900873,1497,2018-01-03 to 2023-12-29,0.1385877039461435
AGG,Low_Risk,0.9221648063288168,0.29768710725373027,-0.603225806451613,0.03295871661810547,0.008191434882482569,0.3830224743832729,993,2020-01-10 to 2023-12-29,0.08809347002779681
SCS,Low_Risk,0.9215728001953984,0.3180499163335116,-0.6823232323232323,0.014187466327379354,0.0025668535613168095,0.4275878595868354,1493,2018-01-03 to 2023-12-29,0.1384102214532776
TYA,Low_Risk,0.9198363436928028,0.29755410766182516,-0.5214634146341464,-0.04159905595226689,-0.004027396731429585,0.37361761693605644,1497,2018-01-03 to 2023-12-29,0.05225887450624893
BAB,Low_Risk,0.9191841029055019,0.2978752073481138,-0.6352941176470588,-0.16692470671975898,-0.025002146037756644,0.34765096648242366,1486,2018-01-03 to 2023-12-29,0.2
TCL,Low_Risk,0.9179193906776806,0.33043965756954974,-0.5258064516129033,-0.007490683789063434,-0.0037445484821039235,0.5121899511554078,1496,2018-01-03 to 2023-12-29,0.030490472176260826
ITD,Low_Risk,0.9168121536173499,0.40050208696395967,-0.6628787878787878,-0.002778250312599772,-0.005239622036341959,0.6695558462358052,1495,2018-01-03 to 2023-12-29,0.12978199286592537
VSC,Low_Risk,0.9160997675437246,0.398259179562298,-0.6758620689655173,-0.014309923505826069,-0.0003193181532496561,0.7725141266306151,1497,2018-01-03 to 2023-12-29,0.1739701125227548
TPB,Low_Risk,0.9157182012938923,0.38043814541226423,-0.6961538461538461,0.0007287779343600555,0.003917551869807327,1.0008254474064762,1425,2018-04-20 to 2023-12-29,0.17759645787602235
SGN,Low_Risk,0.9143295211810232,0.2837421985531378,-0.6726708074534161,-0.10154400883397184,-0.01952872227569504,0.3490829230845172,1492,2018-01-03 to 2023-12-29,0.22435887531811083
ACV,Low_Risk,0.9140692112087159,0.31029369271022117,-0.6453781512605041,-0.07674995741014229,-0.0062174864069858005,0.5623867501918629,1485,2018-01-03 to 2023-12-29,0.12749379961802745
KDH,Low_Risk,0.9091699757530711,0.34884988145959867,-0.6654929577464789,0.026418814214986347,0.004505968161873053,0.9656594295817914,1497,2018-01-03 to 2023-12-29,0.10738905482397065
CJC,Low_Risk,0.9062677016012167,0.3541655877174169,-0.5375000000000001,0.06976135371454151,0.022755778733517584,-0.011933285697507928,1496,2018-01-03 to 2023-12-29,0.19152212324311424
CLL,Low_Risk,0.9056063295402641,0.3718242927706739,-0.40764331210191085,-0.12544334642860624,-0.022204154864912583,0.28414450635860405,1497,2018-01-03 to 2023-12-29,0.2
VSH,Low_Risk,0.8975678277986112,0.3121390389299394,-0.4871794871794871,0.0007484261327807191,-0.0019664209566356947,0.5015097608796031,1497,2018-01-03 to 2023-12-29,0.03876083275983399
DPM,Low_Risk,0.8971373394761224,0.41564325045763056,-0.6218375499334221,0.012197061236208773,0.005540462436425727,0.9424208515555442,1496,2018-01-03 to 2023-12-29,0.21232293894880133
PVT,Low_Risk,0.896262216804,0.3996519544879629,-0.6481481481481481,0.0295084465195428,0.005390293453568482,1.157775351563075,1497,2018-01-03 to 2023-12-29,0.14328560689817246
EIB,Low_Risk,0.8957766545081525,0.3789624732663176,-0.6035714285714286,0.054227330240438944,0.0032966503007563664,0.5675875361499033,1496,2018-01-03 to 2023-12-29,0.11701260392162105
VIP,Low_Risk,0.89149219846412,0.3816772785956049,-0.6318021201413428,0.09426912695234013,0.016488925149623093,0.7913382835889314,1497,2018-01-03 to 2023-12-29,0.25107928785501854
VPI,Low_Risk,0.889297768125811,0.21327141908800737,-0.26614699331848546,-0.0237901186141043,-0.0064437161984584705,0.3626701550830423,1492,2018-01-03 to 2023-12-29,0.01793620372810014
DCM,Low_Risk,0.8797060765743492,0.42658226178425823,-0.6313588850174217,0.022818166962489277,0.010861979073965796,0.990691172892652,1497,2018-01-03 to 2023-12-29,0.2838220907756613
VTO,Low_Risk,0.8760496879594337,0.33411014007237066,-0.6279365079365079,0.026945003620425727,0.010409583269468468,0.6991347823333282,1496,2018-01-03 to 2023-12-29,0.09632364311380684
ICT,Low_Risk,0.8607677239407121,0.3702815308815288,-0.6155172413793104,-0.010035412067003875,-0.002480731880495724,0.5798182760108486,990,2020-01-16 to 2023-12-29,0.036368688927926864
GKM,Low_Risk,0.8539917840097558,0.3027836167907226,-0.5172413793103448,0.20888731130170737,0.03415216011336506,0.25762987735389525,1496,2018-01-03 to 2023-12-29,0.30000000000000004
MKV,Low_Risk,0.8414654295543256,0.3620383811660584,-0.7638888888888888,-0.0008780719592170577,-0.01699461008668135,0.024030659605971515,1493,2018-01-03 to 2023-12-29,0.27261432725350243
CNG,Low_Risk,0.8107603833166659,0.3537022362979104,-0.579520697167756,0.03089648970348839,0.00970902161376679,0.7282123469127131,1497,2018-01-03 to 2023-12-29,0.09306521680821764
SVH,Low_Risk,0.7934387617765813,0.29931080917620734,-0.5488721804511278,0.13137712423098377,-0.016856961916342738,0.007075267499454891,1486,2018-01-03 to 2023-12-29,0.2
IDV,Medium_Risk,0.9845061168731583,0.3837033852875786,-0.7167755991285403,-0.12711818383190213,-0.020175821371208078,0.5372104770308989,1495,2018-01-03 to 2023-12-29,0.362680003781668
HDB,Medium_Risk,0.9811276499857962,0.3753446420018812,-0.7297297297297297,0.058184295662480456,0.0136718034811116,1.056153215181056,1493,2018-01-08 to 2023-12-29,0.3547358182270416
HVN,Medium_Risk,0.9802719333773083,0.4100567218567835,-0.8720653789004458,0.0756694187169864,-0.005345829788881302,1.1379604641832273,1491,2018-01-03 to 2023-12-29,0.543694478627392
PGB,Medium_Risk,0.9801284881259987,0.6133895163308595,-0.6498673740053051,0.06059563294972353,0.006556861295066611,1.240434487191942,741,2020-12-25 to 2023-12-29,0.5490020219459528
SJS,Medium_Risk,0.9792185223181893,0.39923659526602817,-0.5829015544041452,0.09902855627865674,0.02385099478147878,0.6253367690486552,1497,2018-01-03 to 2023-12-29,0.3311777956525145
VBC,Medium_Risk,0.9780208881423508,0.522540497421722,-0.5625,-0.07690424450574343,-0.012243750199738805,0.12113262740961313,1484,2018-01-03 to 2023-12-29,0.5088803025655977
VNE,Medium_Risk,0.9760646039252326,0.4034862126879988,-0.7,0.0807495826862985,0.011162217369344902,0.6417321946453188,1497,2018-01-03 to 2023-12-29,0.4253610284526346
TMS,Medium_Risk,0.974305754654873,0.4405719485501309,-0.6755102040816326,-0.07619536855877107,-0.01013907847878766,0.3723118276561252,1496,2018-01-03 to 2023-12-29,0.4154411378836106
SFI,Medium_Risk,0.973196677227369,0.4145201618563984,-0.6885057471264368,-0.14763398134226846,-0.021164393025003093,0.3249843269385368,1497,2018-01-03 to 2023-12-29,0.4271198363247084
DHT,Medium_Risk,0.9723068344740875,0.4155100392703519,-0.7342465753424658,-0.06130222454028212,-0.008455545952207436,0.21646445278102547,1495,2018-01-03 to 2023-12-29,0.41971461492047596
HOM,Medium_Risk,0.9706822602025904,0.5032649746838072,-0.6216216216216216,-0.10655151087395369,-0.029408054182976793,0.7721734678672003,1495,2018-01-03 to 2023-12-29,0.5809271224154403
VIC,Medium_Risk,0.9673185259455209,0.31864443043530677,-0.7194444444444444,0.07324439667954764,0.016533826266244705,0.8771374338102009,1497,2018-01-03 to 2023-12-29,0.3668645222254633
MSH,Medium_Risk,0.9653485001826242,0.403576833716621,-0.7039408866995074,0.08117051542554683,0.010027640484584372,0.8769825922921268,1272,2018-11-29 to 2023-12-29,0.430869741433204
SPM,Medium_Risk,0.9636746712359492,0.4360843533258643,-0.6589147286821706,-0.11023284719787439,-0.02080363157569906,0.11704455682196767,1497,2018-01-03 to 2023-12-29,0.43874882879424704
CAN,Medium_Risk,0.9635830445946143,0.6626769876242533,-0.6082251082251082,-0.0044980545428971695,0.0035758054658484384,0.036785081962642574,1496,2018-01-03 to 2023-12-29,0.4645386300737137
HPG,Medium_Risk,0.9633756609442414,0.4283950663922395,-0.8215339233038348,0.003447704460379231,0.009126458506931535,1.2885503988553137,1496,2018-01-03 to 2023-12-29,0.5834969303310172
SGB,Medium_Risk,0.962803195886323,0.4734515628721063,-0.5041666666666667,-0.018599563896636365,-0.00915794804015592,0.802628829047544,788,2020-10-19 to 2023-12-29,0.3910023092050562
IFS,Medium_Risk,0.9616798721366884,0.6928542908296454,-0.46153846153846156,-0.1491646485405256,-0.03077263883949265,0.16617879199884214,1486,2018-01-03 to 2023-12-29,0.6000000000000001
VIN,Medium_Risk,0.9603699230380757,0.8614377209946625,-0.6456521739130434,-0.22510566828965278,-0.027144433231268653,0.26647603283494814,1483,2018-01-03 to 2023-12-29,0.6000000000000001
VSI,Medium_Risk,0.9587743680596529,0.4943198703115282,-0.561128526645768,-0.10021396719710665,-0.016229280335820963,0.08171729741303443,1497,2018-01-03 to 2023-12-29,0.5655260442214014
THI,Medium_Risk,0.9586745113558376,0.44986237389615935,-0.5913978494623655,-0.13472716518870134,-0.02681521772952825,0.12230406562384899,1359,2018-01-04 to 2023-06-28,0.48488193972717675
BBC,Medium_Risk,0.9584794880570545,0.455520057076209,-0.555855855855856,-0.14251491139555397,-0.028299981966338372,0.2058710996727386,1490,2018-01-03 to 2023-12-29,0.5090600729752522
HGM,Medium_Risk,0.9583350523178686,0.45617096575238303,-0.4049586776859504,-0.14685551785845372,-0.020473627774233255,0.10008925287769165,1496,2018-01-03 to 2023-12-29,0.5118417339845429
HDG,Medium_Risk,0.9582046727498675,0.4584482856335747,-0.697196261682243,0.072237245323082,0.016355933294719995,1.2801488129150176,1497,2018-01-03 to 2023-12-29,0.6330610241476345
PHR,Medium_Risk,0.956559666609438,0.44128411626743697,-0.6423076923076922,0.1067816603628722,0.01743219463583533,1.168860524768892,1497,2018-01-03 to 2023-12-29,0.5297091355262944
NAF,Medium_Risk,0.9558769220017811,0.35788338231889055,-0.795,0.10293365435275507,0.013516179766376368,0.6266633554339687,1497,2018-01-03 to 2023-12-29,0.5721352475158081
MSB,Medium_Risk,0.9540125381481359,0.3920263817970887,-0.6714285714285715,0.13535062628414457,0.01806600684671518,1.1479715536165558,754,2020-12-24 to 2023-12-29,0.3903648731809176
TCM,Medium_Risk,0.9534559464267272,0.4009434989203767,-0.6641666666666667,0.10740029875577241,0.018567296608436056,0.8446049751180846,1496,2018-01-03 to 2023-12-29,0.3941854638345319
VIB,Medium_Risk,0.9481007969625426,0.42580898800116707,-0.7702702702702703,0.044913788725614336,0.01040942614704543,1.110614672735378,1489,2018-01-03 to 2023-12-29,0.5973478673509678
VGG,Medium_Risk,0.9476406194342128,0.44209137485169275,-0.5683453237410072,-0.29650269375505756,-0.0330254972965972,0.49757436995216225,1483,2018-01-03 to 2023-12-29,0.45167254210125113
WCS,Medium_Risk,0.9447452858871523,0.4448020321080572,-0.36468085106382975,-0.2606170655821216,-0.026225002724365662,0.16837430608483223,1482,2018-01-03 to 2023-12-29,0.4632565474703299
VTC,Medium_Risk,0.943818460409857,0.6210163590619304,-0.7013888888888888,-0.03812806277268214,-0.00878313315439653,0.3327960020380376,1484,2018-01-03 to 2023-12-29,0.5456270054458405
SMA,Medium_Risk,0.9432937716112957,0.6226123968343614,-0.6936585365853658,0.00403604404755122,6.163173846651242e-05,0.3333829052218841,1497,2018-01-03 to 2023-12-29,0.5537254438882661
LPB,Medium_Risk,0.9416040771773795,0.430400406468252,-0.723781388478582,0.012573220689483739,0.005165971779508339,1.270055726548647,1487,2018-01-03 to 2023-12-29,0.4508418986987918
PTI,Medium_Risk,0.9396460751821469,0.6066418978019902,-0.6716826265389877,-0.013120454771523134,-0.005391733270829843,0.2051692065981478,1488,2018-01-03 to 2023-12-29,0.4760788538558569
DXV,Medium_Risk,0.9370911518648803,0.5915087842138171,-0.6709677419354838,-0.046930716663242965,0.0018827059584986465,0.517605947300315,1497,2018-01-03 to 2023-12-29,0.544253322256328
SAV,Medium_Risk,0.9361119286774549,0.45653966522624995,-0.7514910536779325,-0.04805840425402935,-0.011311123040550498,0.576260133255898,1497,2018-01-03 to 2023-12-29,0.5953175089720706
GIC,Medium_Risk,0.9306214142512197,0.4929413268595569,-0.652482269503546,-0.11106773878785989,-0.017254255263357623,0.5249522586291185,784,2020-11-09 to 2023-12-29,0.5994729834344648
ABI,Medium_Risk,0.9301984261481696,0.5392482978219998,-0.6463245492371705,-0.311138507573281,-0.04040998282284896,0.4690444595907608,1484,2018-01-03 to 2023-12-29,0.6000000000000001
MIC,Medium_Risk,0.9297605566008798,0.9537180948623811,-0.6071428571428571,-0.13188047441425266,-0.01435302668172509,-0.02254381021790841,1487,2018-01-03 to 2023-12-29,0.6000000000000001
VCG,Medium_Risk,0.928034887475879,0.4232461443321589,-0.7892857142857143,0.06042840983427921,-0.0006571594379195941,0.9423660830670407,1493,2018-01-03 to 2023-12-29,0.5848296123573481
TCR,Medium_Risk,0.9279448532407704,0.5444923019952476,-0.7303370786516854,-0.04792476433280286,-0.009319228214072274,0.19925715173508257,1497,2018-01-03 to 2023-12-29,0.6358104371692458
VGI,Medium_Risk,0.9269770616948965,0.5084587162267579,-0.631578947368421,0.03758883742240997,0.003091295582381012,1.422861121515596,1303,2018-09-26 to 2023-12-29,0.4756237042919318
SAB,Medium_Risk,0.9268064491554742,0.3477076442562311,-0.8038062283737024,0.08876666203984715,0.011514037580411932,0.595316684867351,1497,2018-01-03 to 2023-12-29,0.5377075626727755
SVT,Medium_Risk,0.9251059968662763,0.5197741374113194,-0.5987341772151898,-0.023322310775912743,-0.009629209814964018,0.20586139060911202,1497,2018-01-03 to 2023-12-29,0.4031199543490046
PNJ,Medium_Risk,0.9236441566965046,0.37321902654540007,-0.7723300970873787,0.031387601837723225,0.0061583292557720725,1.021456130726924,1496,2018-01-03 to 2023-12-29,0.3692468724079738
NET,Medium_Risk,0.9231497283856454,0.42557843841215925,-0.49350649350649356,-0.1093479247979176,-0.028893381490053757,0.20884908948948358,1494,2018-01-03 to 2023-12-29,0.3688272196707507
DP3,Medium_Risk,0.921201458494381,0.4582649960267419,-0.6501196172248804,-0.12371434668267335,-0.025164923108713246,0.2353574994112379,1496,2018-01-03 to 2023-12-29,0.5227405033367483
SIC,Medium_Risk,0.9197189984248164,0.6840503543509477,-0.544,-0.04921288917773284,-0.016946929839305024,0.13118292196054274,1376,2018-01-03 to 2023-07-20,0.4415866079653289
TNH,Medium_Risk,0.9181774589861464,0.4403796088050334,-0.7043090638930163,0.10997762995655651,0.019240640307147585,0.9311558711900718,745,2021-01-07 to 2023-12-29,0.6644804487918704
VSM,Medium_Risk,0.9171069561295254,0.5973620576331851,-0.504885993485342,-0.17750154441209162,-0.02646170649829252,0.06704229928020368,1485,2018-01-03 to 2023-12-29,0.6000000000000001
VGC,Medium_Risk,0.9077770978856958,0.4414396972713124,-0.6207142857142858,0.0807639975081388,0.012688747750271583,1.064814621486204,1492,2018-01-03 to 2023-12-29,0.46714761342232947
SSI,Medium_Risk,0.9073872767313957,0.44900571094990216,-0.7807570977917981,0.01570398589424828,0.008727242931844056,1.610282271191685,1497,2018-01-03 to 2023-12-29,0.6697197912995523
QTP,Medium_Risk,0.9027997607145524,0.4258710227801599,-0.448780487804878,-0.23906086293569548,-0.026810920101950294,0.5662819461239027,1483,2018-01-03 to 2023-12-29,0.3823547982058117
ABB,Medium_Risk,0.9014384379269424,0.4094220224963803,-0.756,0.012694638867245527,0.007949053334039663,1.2500069941803695,739,2020-12-29 to 2023-12-29,0.4507853968771031
AGP,Medium_Risk,0.9007021339282837,0.5801631263233968,-0.559375,-0.21575309569344303,-0.026485720677851942,0.18426016882704085,1484,2018-01-03 to 2023-12-29,0.6000000000000001
ALT,Medium_Risk,0.8992714122220737,0.6227657676276254,-0.537037037037037,-0.008234060765287016,-0.006610250286217543,0.05226425898267827,1495,2018-01-03 to 2023-12-29,0.41716162657573236
VTB,Medium_Risk,0.898407030665364,0.47555591515268103,-0.5429292929292929,-0.19218498765000042,-0.028851321947302683,0.2540522235902036,1497,2018-01-03 to 2023-12-29,0.5946833980883806
CSV,Medium_Risk,0.8962858814654074,0.40632617820884626,-0.6580459770114941,0.10416419086276898,0.01772529548367292,0.856722664225477,1497,2018-01-03 to 2023-12-29,0.39476267821657285
MWG,Medium_Risk,0.8942892130676565,0.4329090344757262,-0.8012457531143827,0.02484100625249718,0.01049376147852338,1.0768957865990163,1497,2018-01-03 to 2023-12-29,0.6091469409313379
PHC,Medium_Risk,0.8931769321421517,0.39470898390399267,-0.8096153846153846,0.11148788698265612,0.0070133982066363015,0.7982037225493712,1493,2018-01-03 to 2023-12-29,0.6226343015591854
BCM,Medium_Risk,0.8842385581837708,0.46254928328301903,-0.54,0.01540731427914669,-0.0005905782010833831,0.7741872180868243,1458,2018-02-22 to 2023-12-29,0.3842596025997929
PPP,Medium_Risk,0.882001098465242,0.5996199126697525,-0.5121951219512195,0.02158947907144728,0.014542410986601513,0.22269707024403293,1494,2018-01-03 to 2023-12-29,0.5
TVD,Medium_Risk,0.8811516830340864,0.5079860322243763,-0.7194570135746606,-0.002548531133309826,-0.009817340680653723,0.7773084473992791,1486,2018-01-03 to 2023-12-29,0.5691529688779735
NVL,Medium_Risk,0.8761719943400218,0.3829234352909005,-0.9278169014084507,0.20500171017041352,0.03556529942078959,0.5722324621991924,1495,2018-01-03 to 2023-12-29,0.6
NVB,Medium_Risk,0.8576846324925147,0.4291190959165992,-0.7506297229219143,0.01254678600616124,0.00012512346121314747,0.6292233364834787,1493,2018-01-03 to 2023-12-29,0.48579431868532985
SAM,Medium_Risk,0.8388367881771259,0.38771543612106507,-0.8082758620689655,0.17136139667773995,0.03711128914857795,0.7366623270779307,1496,2018-01-03 to 2023-12-29,0.6192967355601072
VDB,Medium_Risk,0.7770332278481014,0.4058889233860572,-0.9108910891089109,-0.002742825134909436,0.0020690900897916424,-0.046764036518065114,1264,2018-11-23 to 2023-12-29,0.4544918626319528
