symbol,volatility,max_drawdown,autocorr,hurst,days,norm_vol,norm_dd,norm_autocorr,norm_hurst,composite_score,risk_class
A,0.2915762895976562,0.6678580479478022,-0.08599129980494138,1.0170556001188844,1509,0.14293063769331826,0.5194513073319496,0.42475366613299836,0.7265357850278866,0.3706119590063005,Medium
AAP,0.41995116805844845,0.6957703134135607,0.027363745925659374,1.0035422879511788,1509,0.3506308596026742,0.5637136041700505,0.815444784520923,0.43145906118576394,0.5156012881148457,High
AAPL,0.31756138107279563,0.8277781280810544,-0.09876685323505528,1.025125797613666,1509,0.18497242445434517,0.7730469914914604,0.38072126135149287,0.9027566410227648,0.47232298360175123,High
ABBV,0.27888273237098676,0.6824981742567804,-0.005121412620710883,1.0160922941620198,1509,0.12239348366124209,0.5426671089024179,0.7034809734555257,0.7055010333488348,0.4230038241612108,Medium
ABNB,0.5302761660143481,0.4620100640534759,-0.0018724635539686743,0.9975723074940381,768,0.5291278274855927,0.19302475561286223,0.7146788476770899,0.3010985505402322,0.44260418226753695,Medium
ABT,0.25807218169084684,0.6256921553134553,-0.0887845911392978,1.0053895885580642,1509,0.08872368746633408,0.452586105776937,0.4151262683549002,0.47179672261668726,0.30147023265226347,Low
ADBE,0.37015108466251684,0.7418539474283874,-0.12240757384401806,1.0175523659414751,1509,0.2700583325128161,0.636791423333277,0.2992408163066124,0.737383164976462,0.43264723976407815,Medium
ADP,0.27541963000780123,0.6364290364852258,-0.17367375686241376,1.0288040429086083,1509,0.11679046274349973,0.4696122773760614,0.12254605825818396,0.9830748159934487,0.3104165615612,Low
AEP,0.23255477206459182,0.4816064620957856,0.012252337730189402,1.0217499588255219,1509,0.04743857229838634,0.22410003999529113,0.7633615893684479,0.8290418154150707,0.32178194033313856,Low
AFL,0.29958874517991974,0.727656709455542,-0.07383366386487894,1.0122436144990812,1509,0.15589414599360665,0.6142779386358008,0.4666563476745398,0.6214612530223088,0.4021184348253218,Medium
AIG,0.3917479826723705,0.7498975429080268,-0.010623248963481621,1.012398474429849,1509,0.30500037540300917,0.6495466764388397,0.6845182657957982,0.6248427749214787,0.5162520837441631,High
ALB,0.482734082541042,0.8473173580261953,0.019579144251685138,1.0049255441897242,1509,0.4522085625496992,0.8040316206997451,0.7886142652916543,0.4616638484384112,0.6259821491319753,High
ALGN,0.5529932147737877,0.8113217825992103,0.023720773350384403,1.0273646270095087,1509,0.565882184140367,0.746951092916646,0.8028888632514519,0.9516437262294148,0.7061803468043725,High
ALL,0.2814010635770047,0.5407369021692907,-0.06881461918685818,1.0054321586559147,1509,0.12646794088061875,0.31786702906007164,0.48395505869226685,0.47272628339730827,0.2900109251484532,Low
AMAT,0.45222877554660634,0.833326782142843,-0.13622237652975472,1.011975350740085,1509,0.40285343085940967,0.781845853534246,0.25162652020879056,0.615603444799738,0.5075807769257695,High
AMD,0.5491274955580068,0.9411401425642644,-0.05194573680262516,1.0211188241807876,1509,0.5596277615571964,0.9528125193514754,0.5420955894659332,0.8152603574749128,0.699640014068999,High
AME,0.27234771897932614,0.6561423736157073,-0.11064386805041185,1.010196770219977,1509,0.11182035792275834,0.5008729996850172,0.3397857725833122,0.5767663553837826,0.3206238331296492,Low
AMGN,0.24918909546157353,0.5164292088829467,-0.08825703460558977,0.9989859141848454,1509,0.07435156884638533,0.27932073703624594,0.41694455223312377,0.3319660703568437,0.23012236613173703,Low
AMP,0.39055607509274054,0.7978191272485918,-0.1786064667039392,1.0187247864441267,1509,0.3030719648623114,0.7255390531105318,0.10554491012006938,0.7629841424862186,0.4362978981507199,Medium
AMT,0.2835284989235916,0.5908157187906768,-0.07316616686816241,1.006882907465924,1509,0.12990996005821717,0.39728026942624145,0.4689569523497612,0.5044048386369658,0.3153799391848081,Low
AMZN,0.35425510055364795,0.6813510073211242,-0.03585229976767319,0.9998627456361651,1509,0.24433990951241552,0.5408479715955175,0.5975634592318193,0.3511125644810206,0.4146143035780874,Medium
AON,0.2597353978485153,0.6381085933665629,-0.04818489340902907,0.9890985015238751,1509,0.09141463735600794,0.4722756600860539,0.5550577659800505,0.11606449870169856,0.3008665560343993,Low
APA,0.8008663421938952,0.923378436740458,0.06528166068008025,1.0189667878878996,1509,0.9669209558050754,0.9246466258847202,0.9461332106678281,0.7682684867171053,0.9302158608927225,High
APD,0.27852936709263754,0.5821776417366336,-0.10497339894944045,1.0097575546516355,1509,0.12182176707924265,0.38358230817886463,0.3593296923141357,0.5671756429545689,0.2923869020436405,Low
ATO,0.24190468256673733,0.4489838979620544,-0.05411337382692593,1.0050676808453178,1509,0.06256597502244307,0.1723683158513455,0.5346245807620434,0.4647675448638268,0.23013855540317227,Low
AVB,0.28360175073121746,0.5632162320483762,-0.04616092203055823,1.0029584790963748,1509,0.13002847558774733,0.35351396617631115,0.5620336146186653,0.41871100933232686,0.312343403944958,Low
AVGO,0.3707601233597046,0.8706475377841943,-0.13166550093112037,1.011319644053041,1509,0.2710437081102381,0.8410278058715153,0.2673323126815511,0.6012854316721551,0.4743208307090755,High
AWK,0.25970289829518417,0.6220282746314518,0.023394161056272476,1.0052289930780482,1509,0.09136205569423919,0.4467760516082716,0.8017631566572426,0.4682899592474376,0.37775926501636947,Medium
AXP,0.3534275654422621,0.662094583136827,-0.06595178854743186,1.0200490618814018,1509,0.24300102430112308,0.510311805896916,0.4938221316316652,0.7919010247905868,0.42824848029491575,Medium
AZO,0.28769316940938905,0.7820349905287385,-0.09596672015781904,1.0001327479889606,1509,0.13664806173707217,0.7005091197400434,0.39037223997824416,0.3570083366428569,0.37858724227677637,Medium
BA,0.48393865589787455,0.6470522631801268,0.05143207532609463,1.0028692382490445,1509,0.4541574652985858,0.4864582196706766,0.8983990321292105,0.4167623459301705,0.5489564930394965,High
BAC,0.3417340452590946,0.6479254421302816,-0.07588381402733546,1.007362599260237,1509,0.22408184972377615,0.48784287638841767,0.45959027086542337,0.5148793900543539,0.37939159598455585,Medium
BAX,0.28388526948372267,0.35641534807909747,-0.09254581275041852,1.0191111386041207,1509,0.130487186112087,0.025576338760901887,0.4021627882708646,0.7714205293768301,0.2174423866649613,Low
BBY,0.3845297089256414,0.6751413629879582,0.0004309097231948936,1.0151653467166706,1509,0.2933217893979132,0.5310009342394562,0.722617686887288,0.6852602062330998,0.4896785540317697,High
BDX,0.24518699061998625,0.340286642428153,-0.0459806189598587,1.0164860236297573,1509,0.06787648529679459,0.0,0.5626550497553754,0.7140985111528118,0.2110914551850741,Low
BEN,0.360765072867125,0.6253241224020798,0.009249215343530636,1.0104029622888075,1509,0.25487252080167105,0.45200249202514464,0.7530109848908318,0.5812687659991571,0.4462788295062939,High
BIIB,0.45407287399532487,0.4774420409947092,-0.050772337420801464,1.005545116575476,1509,0.40583703373883534,0.21749624629173744,0.5461398445217683,0.4751928328577609,0.38433093957318515,Medium
BK,0.3098753751686247,0.5925978912382861,-0.11035852053393727,1.0086747330179129,1509,0.17253708546097282,0.40010637632141755,0.3407692554059968,0.5435311466076379,0.31155371282277755,Low
BKNG,0.35364173671065446,0.6769405178378307,-0.005290077090183152,0.9958063022924406,1509,0.24334753617716184,0.5338539712356991,0.7028996520879085,0.2625360558158891,0.4243287418407451,Medium
BKR,0.4393451115380508,0.775753139890665,-0.005910443239982704,1.0158180512906785,1509,0.3820086993537838,0.6905475801446235,0.7007614892623099,0.6995126652116835,0.5700713181585308,High
BLK,0.3104968288599448,0.6737901240960273,-0.060563686969365906,1.012783521236222,1509,0.17354254751975867,0.528858186743478,0.5123928394281692,0.6332506581066168,0.3938781087272424,Medium
BMY,0.23898091025667303,0.5232340028102543,-0.032702703464085436,1.0147147011423494,1509,0.05783554672608247,0.2901115418565171,0.6084189028019593,0.6754199081600315,0.29939345262378314,Low
BR,0.2602846915383912,0.6161320070263225,-0.07957126065786903,1.018299107767474,1509,0.09230335033979842,0.4374259561351803,0.4468810646823763,0.7536890216633362,0.3328942420792823,Low
BSX,0.2931128286624801,0.5640892550716633,-0.06877885647307731,1.0065982418006114,1509,0.14541663424157433,0.3548983756306649,0.48407831897197984,0.49818887834030956,0.3112707180142561,Low
C,0.37261491772739186,0.5777746618962376,-0.08736864820421165,1.0144553909512657,1509,0.27404461612576175,0.3766002163487745,0.42000647748292624,0.6697576100724673,0.37357496785876904,Medium
CAG,0.2855371082820392,0.55238788630962,0.047550098050446486,1.005009062894812,1509,0.1331597283499643,0.33634275325766133,0.8850193538484221,0.46348756312589895,0.3775193443995584,Medium
CARR,0.3897141530224791,0.8154372508951893,-0.03522362510692652,1.0212919511566527,953,0.3017098027094016,0.7534772589696265,0.5997302582898251,0.8190407586240155,0.5485772262950152,High
CAT,0.32880081090017077,0.7175358021917622,-0.0035485454225817246,1.0150790101139375,1509,0.2031569173806105,0.5982285569713183,0.7089020399881368,0.6833749599244258,0.47084923803370965,High
CB,0.2767062458136372,0.615156174405449,-0.11553160105302858,1.0206771685018767,1509,0.11887210357220616,0.43587851480755346,0.3229396422600778,0.8056163627842009,0.32346196060158416,Low
CE,0.359028615013863,0.6726362233486076,-0.05324463544376566,1.0205447810487087,1509,0.25206307174292153,0.5270283711927963,0.537618786871845,0.8027255499713379,0.4467300524265103,High
CF,0.4223579608912391,0.8328248916821857,-0.04162478165289369,1.0142807345574945,1509,0.3545248567106297,0.7810499731505101,0.5776679407829038,0.6659438125495136,0.558252904040937,High
CHD,0.23585248390176047,0.5856721278095736,-0.0695942843174691,1.0164445119237777,1509,0.052774004655443865,0.38912374228591795,0.4812678537259313,0.7131920614201684,0.30541950143515606,Low
CHTR,0.32119545524352977,0.6820501511066335,-0.01498928751778972,1.017475364483631,1509,0.19085206399711652,0.5419566494204933,0.6694702150035877,0.7357017609187636,0.4463920395175885,High
CI,0.3383562424324831,0.6295844942955144,-0.06384183459057885,1.006679526752316,1509,0.21861683659141679,0.45875844114791436,0.5010943290520523,0.4999638167824186,0.37528951446959335,Medium
CL,0.20790580348256366,0.36836104158538585,-0.13853607389573486,1.0183755749180687,1509,0.007558524849012518,0.04451940278990201,0.24365209784673464,0.7553587585863824,0.14064552620456078,Low
CLX,0.26855586645907575,0.5474942297503351,-0.033527294001959924,1.0193827672925873,1509,0.10568544570826233,0.32858256340433295,0.6055768572857859,0.7773518142091146,0.3396995001826735,Low
CMCSA,0.28004716693608434,0.5367816183791538,-0.1208027599074684,1.0193209100052658,1509,0.12427744507541827,0.311594878008315,0.3047719909237989,0.7760010983030473,0.2817439494477263,Low
CME,0.27816558473801284,0.48831097670263235,-0.17559355929826587,1.019087978065841,1509,0.12123319650618201,0.2347318253674847,0.11592923978387021,0.7709147957955165,0.2191901537490439,Low
CMG,0.36150249513314325,0.8925940178209943,0.014875396945306565,1.015743814431828,1509,0.2560656106813212,0.875829768296671,0.7724022626948689,0.6978916289456623,0.5894447901950698,High
CMI,0.2862114412734277,0.6434080949635445,-0.0296084371539103,1.0059350028727396,1509,0.13425074486060476,0.48067942484199405,0.6190836452271485,0.48370639118008,0.3700914935602778,Medium
COP,0.43244344419943087,0.8486794750319248,-0.07390656058073891,1.0201025825106318,1509,0.370842357036944,0.8061916183290949,0.4664051008132944,0.7930697014062953,0.5627824186167945,High
COST,0.23602838172645071,0.7573439829353645,-0.06573472377142181,1.0204944432110652,1509,0.053058593179768694,0.6613549812602979,0.49457027018655175,0.8016263728019801,0.3987066229675052,Medium
CPB,0.2632951943355212,0.5070716732815967,0.020479776619504352,1.0020487404388072,1509,0.09717410158427658,0.2644818835233286,0.7917183976641639,0.3988459533567008,0.31644248055921204,Low
CRM,0.3744646341619114,0.6643760247695761,-0.03493504102868991,1.012063849274724,1509,0.27703730845408536,0.5139296364485574,0.60072489629247,0.6175358990598053,0.44689238348067595,High
CRWD,0.5977400576125109,0.8874070565993978,0.038093815398937914,1.0140596109079365,1147,0.6382789746867698,0.8676044661419724,0.8524271951042008,0.6611153558938977,0.7521899043275295,High
CSCO,0.28351789419387985,0.5088834960322908,-0.11899141804423151,1.0161311283402596,1509,0.12989280245899815,0.2673550088347664,0.31101498764061686,0.7063490165779567,0.26500152281994827,Low
CSX,0.29189968776180614,0.5896671485295519,-0.13225619342470613,1.0241612028614266,1509,0.1434538698962569,0.39545890677476864,0.26529642350295346,0.8816937472041548,0.3172478794119395,Low
CTAS,0.30333907642221114,0.7682904560927137,-0.09995317431106303,1.0262461641923073,1509,0.16196188012194251,0.6787135165184008,0.37663247020006807,0.9272209688962615,0.43644739793393705,Medium
CTVA,0.3561757636239022,0.7027411690268985,-0.08160914776462005,1.0077630222965364,1159,0.24744738778766662,0.5747677438188588,0.4398572538960695,0.523623028640938,0.411743031904032,Medium
CVS,0.2860639906102692,0.5691200610593754,-0.037004988849250214,1.0057483438705634,1509,0.13401218155424846,0.36287605226304637,0.5935905845923862,0.47963050466504664,0.3291488556855952,Low
CVX,0.34608923383575485,0.7464626411941133,-0.11552604739095804,1.0094231305952348,1509,0.23112819434100354,0.6440997291296916,0.32295878359103053,0.5598731582852258,0.40626026902203755,Medium
D,0.26094016867290887,0.401167060791471,-0.07381781923690575,1.0084494617226438,1509,0.09336385959151633,0.09654204358763727,0.46671095799544243,0.5386121219481971,0.2135115607068059,Low
DD,0.342863900473616,0.6757242294462737,-0.042123785314667525,1.001106751350279,1509,0.22590986453162037,0.5319252235353782,0.5759480676405875,0.37827667687671074,0.4029587940890502,Medium
DE,0.3348084083175371,0.7623020255746096,-0.07503513805937578,1.0136521920377795,1509,0.21287672651842524,0.6692172723130769,0.4625153295686692,0.6522189562588248,0.4436408338409095,Medium
DHR,0.2673348845549237,0.72745347377227,-0.07785421391625867,1.0136977041478172,1509,0.10370999525035098,0.6139556545792769,0.45279906248724144,0.6532127588261321,0.381551782853985,Medium
DIS,0.31698683927392,0.5752563233179655,-0.07377648331442505,1.0202560386066473,1509,0.1840428620621275,0.37260672288522656,0.4668534269757996,0.796420569165723,0.35841190400215117,Medium
DLR,0.3028077195499899,0.5161924695611786,-0.04464253946433651,1.006545385151536,1509,0.16110218746558594,0.2789453240785909,0.5672668936413542,0.49703470039719105,0.3112813209778016,Low
DOV,0.29078564472285984,0.6545405088986004,-0.051084229959670255,1.0103797175998963,1509,0.1416514379159502,0.4983328184987195,0.5450648712460563,0.5807611949044074,0.3732495144556479,Medium
DOW,0.3895017348639176,0.718543207087155,-0.030362821228085306,1.0254594060302078,1205,0.3013661272239812,0.5998260645104586,0.6164835743107295,0.910041315377772,0.5147951166426532,High
DPZ,0.3153826879867404,0.6801549161410568,-0.10470356108031323,1.0279089985673784,1509,0.18144747437944203,0.5389512519285838,0.36025971936492335,0.96353062515216,0.40266937171855266,Medium
DRI,0.42173895141826995,0.8180208284803683,0.040374703563182734,0.9989619826708691,1509,0.3535233492004282,0.7575742061744223,0.8602885368033116,0.33144350174797377,0.5738836590679576,High
DUK,0.23210177172479715,0.48797725490550414,-0.08321137967625418,1.0079960263984904,1509,0.04670565420546598,0.2342026209837003,0.4343349785228068,0.5287109068896685,0.22868113437082466,Low
DVN,0.5998429778711564,0.9407294427870936,0.03159517560758442,1.018157550061884,1509,0.6416813304250206,0.9521612459723663,0.8300288904524763,0.7505979671918874,0.783386480771402,High
DXCM,0.47357808022482667,0.9197709068321211,0.003995111985379866,1.0236683539227154,1509,0.4373948876650035,0.9189259308071022,0.7349021172714743,0.8709318963433765,0.6847093473967646,High
EBAY,0.32572515930050266,0.6876686194314936,-0.019515482839952115,1.0069951552004621,1509,0.19818076061671502,0.550866220486142,0.6538701656095761,0.5068558804951833,0.4259917915639622,Medium
ECL,0.2884784708986294,0.4787568629343877,-0.05684799574791856,1.0072456829027527,1509,0.13791861634663918,0.21958124505526275,0.525199393821359,0.5123264041318885,0.27731433923269516,Low
ED,0.23475422411522018,0.4194529453286311,-0.026167449709810865,1.0128096273353702,1509,0.05099710870731482,0.12553916137171414,0.6309434016608323,0.6338207109636331,0.24763134332296996,Low
EIX,0.3057827259623134,0.4817758774204507,-0.03815508095873667,1.0258890913558332,1509,0.16591550841614916,0.22436869290698144,0.5896266607140239,0.9194239253992867,0.3435445359212876,Low
ELV,0.3265901677130218,0.689892969116173,-0.0911497222448924,1.000671545945578,1509,0.19958027461343952,0.554393516618224,0.4069745737318405,0.3687735303924275,0.3644224326164539,Medium
EMN,0.34151042643438795,0.7138172681034827,-0.004538120775807112,1.0183304465203715,1509,0.22372005246194762,0.5923318353376,0.705491355452756,0.754373334762861,0.4837231761528964,High
EMR,0.3148501610434392,0.6537464752154898,-0.09112231902487035,1.0291882444515572,1509,0.18058588864224387,0.4970736675844232,0.40706902206105994,0.991464242004001,0.40191668434483657,Medium
EOG,0.4783371368190397,0.8264560929684415,-0.011275711997830404,1.0135426737028888,1509,0.44509465823186817,0.7709505543299318,0.6822694773898341,0.6498275135792556,0.6107596764276192,High
EPD,0.28652287204823973,0.6673882719387809,0.013278245179081404,1.0144093291059684,1509,0.13475461479071432,0.5187063529252846,0.7668974966232752,0.668751803484432,0.42976843146696936,Medium
EQIX,0.2938047189517832,0.6335076017238066,-0.06798786339967088,1.0108589788827262,1509,0.1465360570472525,0.4649795680475509,0.48680456698762353,0.5912263456717962,0.3545918411978706,Medium
EQR,0.2840447721849764,0.5270965350977754,-0.061939114346622894,1.0143331172028844,1509,0.13074524864614945,0.296236610811122,0.5076522717999843,0.6670876401467772,0.309408301076471,Low
ES,0.26176163568580896,0.497633206563053,-0.059099777292223175,1.0237713691740666,1509,0.09469292710781138,0.24951469226809994,0.5174383714139359,0.8731813376718427,0.303537386573526,Low
ESS,0.29505741916709366,0.5272694828998798,-0.054551894569202515,1.0176055013232888,1509,0.14856282517997055,0.29651086540230287,0.5331131689132624,0.738543429328464,0.32885536640817803,Low
ETN,0.3044424967688565,0.7773179053062692,-0.09158198310985087,1.0172285766678881,1509,0.16374712544100647,0.6930289305528314,0.4054847372655634,0.7303129014556056,0.4275357669409253,Medium
ETSY,0.6106603613838456,0.9402849371070249,0.051786320969659856,1.0202354271184035,1509,0.6591829863798526,0.9514563643717825,0.8996199802200213,0.7959704966484163,0.8086311495723216,High
EW,0.3336034717746031,0.7153861741912071,-0.011244640298336729,1.001451014081045,1509,0.21092723616365522,0.5948197518792062,0.682376569552756,0.38579399886814575,0.4378715338265897,Medium
EXAS,0.5899513564521196,0.755886707350866,-0.01679241454758779,1.017033803289671,1509,0.625677483033611,0.659044084476405,0.6632555316489399,0.7260598294017163,0.6532413078263256,High
EXC,0.2715546054322636,0.6038708888013691,-0.15312833807142678,1.0048329236199587,1509,0.1105371640323391,0.41798270259111714,0.19335819188191095,0.45964138540731764,0.25424545330738474,Low
F,0.4088811751786447,0.8416073966763461,0.022036907623027114,1.0213794010600443,1509,0.3327205020215182,0.7949769631868623,0.7970852276038618,0.8209503149691114,0.6130933667823495,High
FAF,0.32737285909571734,0.611215957174357,0.012350368021829372,1.027022500803286,1509,0.200846606280675,0.4296302557795234,0.7636994619706763,0.9441730573941329,0.4563849173796756,High
FANG,0.6315617869681991,0.9209936231300194,0.04958767935401773,0.9923662122954541,1509,0.6929998108562863,0.9208648716570574,0.8920421106491253,0.1874182406248267,0.7506096320319395,High
FAST,0.28231740920600756,0.686882087668004,-0.09234847623819815,1.0252649702814656,1509,0.12795051436206276,0.5496189658542712,0.40284293111021713,0.9057956158020781,0.3872140433033577,Medium
FCX,0.5115967957145948,0.8987391818389984,-0.02738606380713571,1.012516237508069,1509,0.49890610963157567,0.8855745550183862,0.6267433089212586,0.6274142498403906,0.6533248971264369,High
FDS,0.2795718515851129,0.633639124686846,-0.15044351233630288,1.0167712775933115,1509,0.12350842309029643,0.4651881325740749,0.20261175057770242,0.7203273175315863,0.30151489087704014,Low
FDX,0.3733169043103554,0.7168235133300473,-0.036143172029180354,1.0128978224397562,1509,0.27518037392204625,0.5970990341430702,0.5965609347440578,0.6357465395198141,0.4720887007125325,High
FMC,0.34595760555591615,0.5920241227688396,-0.06908659679000737,1.0125841067268562,1509,0.23091523037749415,0.39919651429885483,0.4830176568036613,0.6288962422994498,0.3716182020313314,Medium
FNF,0.3215223000104754,0.65776943104477,0.023576365353523792,1.0174508261037127,1509,0.19138087252600053,0.5034531305950704,0.8023911445885198,0.7351659407834182,0.4615831111849671,High
FOX,0.3350132817314598,0.528639046072794,-0.02676132947846615,1.0226830117006276,1210,0.21320819521421108,0.29868267090380984,0.6288965271744921,0.849415960712745,0.38560898086300033,Medium
FOXA,0.34601720317601603,0.5501046883676606,-0.031496694485981275,1.0177139229136556,1211,0.23101165453047823,0.3327221376121443,0.61257555055773,0.7409109234914165,0.38882750555652223,Medium
FTNT,0.44546787924030123,0.8908071757934931,-0.06790663067497779,1.0161143094171254,1509,0.391914844743789,0.8729962565446036,0.48708454485588243,0.7059817585234246,0.5866798996844156,High
GD,0.2520265751322687,0.6265931873094668,-0.01409145913776155,1.0131501188967358,1509,0.07894238259696407,0.45401493088312583,0.6725646831117588,0.6412556856890571,0.36641993749498086,Medium
GE,0.4120357958958168,0.7366649096945987,-0.025913359882541898,1.0075161550918377,1509,0.3378244244622051,0.6285628283179845,0.6318191512857995,0.5182324356403089,0.5018856921014682,High
GILD,0.25720079314709576,0.42093590429222794,-0.09127336971425083,0.9837832201891689,1509,0.08731385093074082,0.1278907859622,0.4065484085992862,0.0,0.1546024578808136,Low
GIS,0.2325216015298256,0.6510753355471526,0.007528054045532113,1.0103650090540621,1509,0.047384905042655294,0.4928378674828152,0.7470788057971973,0.5804400190547436,0.3742650853268205,Medium
GL,0.29315124182816094,0.5480055820951617,-0.10867509142214417,1.0061001892794514,1509,0.1454787836522052,0.3293934481139005,0.3465713862081521,0.4873134020380295,0.2750551653404856,Low
GM,0.40833667017255676,0.7444477696354702,-0.001196527915036479,1.0148725430447583,1509,0.33183953674270966,0.6409046161020975,0.717008537097006,0.678866544400636,0.5362955613871779,High
GNRC,0.5023136486854717,0.9143139557165676,-0.013831893787657649,1.0165528396510697,1509,0.4838867248338332,0.9102724880973391,0.673459304751874,0.7155575059887449,0.6728840479119843,High
GOOG,0.3132609872049168,0.6761241756507655,-0.07934095508610021,1.006316639167231,1509,0.1780147332661205,0.5325594442740783,0.44767483915289397,0.4920398024178414,0.36971267466103463,Medium
GOOGL,0.31340248815976673,0.671422882018252,-0.08204031946818693,1.0076683260697539,1509,0.17824367042325825,0.5251042968393183,0.43837117134898884,0.5215552415571789,0.36865851564661445,Medium
GPC,0.29406807741113694,0.7511995811221923,-0.00010441696025030551,1.0077752969280154,1509,0.14696214983974687,0.6516114032164151,0.7207726223000869,0.5238910575296551,0.45081191111380614,High
GS,0.3181330257673618,0.6909246350393614,-0.0704366613719674,0.9907954321068013,1509,0.18589729956494527,0.5560294964488808,0.4783645049477179,0.15311867985160257,0.35215253773534616,Medium
HAL,0.569330517003695,0.8980831034239004,0.01947570237007778,1.024458225950106,1509,0.5923146243439097,0.8845341687554452,0.7882577410262116,0.888179544233431,0.7487556029927829,High
HD,0.2836586865737412,0.64780747386707,-0.10071469914528597,1.0191964369791957,1509,0.13012059319882954,0.4876558064320162,0.3740077878381569,0.7732831049433395,0.35047484727110206,Medium
HIG,0.34308838263255204,0.7046526849044992,-0.1508502703078273,1.020416798999062,1509,0.22627305859875205,0.5777989590130858,0.2012098127479056,0.799930933562594,0.3840839670492671,Medium
HLT,0.3290179473375801,0.6950534375961988,0.050504826272159346,0.9913881495677758,1509,0.2035082266614859,0.5625768075075562,0.8952031623064671,0.1660612600553171,0.44582309138368637,Medium
HOLX,0.2975966096607463,0.6648796649436494,0.010455562056588767,1.0102677524096164,1509,0.15267103104801236,0.5147282914667883,0.757168796688715,0.578316322683435,0.424752291465328,Medium
HON,0.2603074395308723,0.5689186607987596,-0.04255383629946062,1.0191052006983796,1509,0.0923401547609046,0.3625566787557407,0.5744658477788271,0.7712908692497774,0.33772532201182726,Low
HRL,0.22424255776268207,0.46107601319682623,-0.03424207823248685,1.014958860005858,1509,0.033990078513895135,0.19154357034935762,0.6031132717556428,0.6807513618145501,0.2597568930429489,Low
HSY,0.23037981901276433,0.7089132126650224,-0.17013465332110078,1.0130566419696727,1509,0.04391967329787068,0.584555155304447,0.13474398303281063,0.6392145232375215,0.2838046648407967,Low
HUM,0.32660941774120317,0.6260968218537594,-0.023872884140322785,1.000321015171919,1509,0.1996114196098202,0.4532278118594962,0.6388518841000548,0.36111933939813573,0.37969522216160145,Medium
HWM,0.43216986890744746,0.8317175659146695,-0.009785346448061805,1.0139482039684058,1509,0.37039973423149203,0.7792940145781612,0.6874061925637643,0.65868267363791,0.585297603942589,High
IBM,0.2628063681432916,0.5436054961675713,-0.05751028832604659,1.0065345651795141,1509,0.09638322014533372,0.32241594534978124,0.5229167267695207,0.4967984354566152,0.2895412605626335,Low
ICE,0.24632208912569284,0.5393602709714301,-0.10939294189917398,0.9979579557861507,1509,0.06971298332780337,0.31568401533117724,0.3440972325090515,0.309519567769733,0.2223618012092581,Low
IDXX,0.3373291568459406,0.776397082046345,-0.012235636585060461,1.0216092044360026,1509,0.21695509477087888,0.6915687211507608,0.6789609876077005,0.8259683021556776,0.5126416819906877,High
IEX,0.2575252469728009,0.5434001965668098,-0.12496393073993971,1.0131735901048713,1509,0.08783879110911749,0.3220903884049036,0.2904300401454883,0.6417682030582476,0.2540254613000405,Low
IFF,0.34229525391686905,0.4209624575858064,-0.016619493287902205,1.0095967425109797,1509,0.22498984016672563,0.12793289324882787,0.663851524530458,0.5636641485829561,0.3175125238057259,Low
ILMN,0.43099463037074953,0.6014023107642594,-0.0004229283559527275,1.0136161464904045,1509,0.3684982928607558,0.41406811765781587,0.7196748363779495,0.6514318655813888,0.48069790627537584,High
INCY,0.34657780945122685,0.46667883400541177,-0.01034704006466968,1.0189557286238466,1509,0.23191867036691874,0.20042832812957184,0.6854702513284228,0.7680269965950421,0.36679271651082784,Medium
INTC,0.3851245105774872,0.5243730776735274,-0.1319424006063272,1.0105261388726596,1509,0.29428413060175046,0.2919178470373295,0.2663779463091453,0.5839584502428171,0.31696044063800977,Low
INTU,0.3563195614095725,0.7860301767348656,-0.10136780632843659,1.0073300016570863,1509,0.24768004103222582,0.7068445466510557,0.37175677929973927,0.5141675886970358,0.43689349513785847,Medium
INVH,0.2940956000405421,0.656510863262016,-0.08268402944114102,1.0055405312397718,1509,0.14700667923913963,0.5014573377111331,0.4361525513693491,0.4750927074539715,0.3439796540282627,Low
IPG,0.3525444043721181,0.7299931640934209,-0.030231141351708977,0.9945107009312105,1509,0.24157214076526337,0.6179830068918125,0.6169374240519481,0.23424530071953306,0.4288357732559921,Medium
IQV,0.32234684192423274,0.7027705871910177,-0.02058651308104084,1.0122502257694272,1509,0.19271491498441867,0.5748143941172472,0.6501787374951831,0.6216056167408364,0.4417265934020619,Medium
IR,0.3592145449726146,0.7746418000379571,-0.015947868992358255,1.0146530883914562,1509,0.25236389145278476,0.6887852561760115,0.6661663544127219,0.6740745319521229,0.508221857511674,High
ISRG,0.35485587511868116,0.6645412638278856,-0.025233088572612278,1.013359167662117,1509,0.24531191440909791,0.5141916667827527,0.6341637840912527,0.6458204751386297,0.44379707013057856,Medium
ITW,0.26917567346477395,0.6010968552077667,-0.07576878818969905,1.002360656027178,1509,0.10668824356223502,0.413583736892345,0.45998672055903894,0.4056569430526034,0.29931345690966565,Low
IVZ,0.44472243500096975,0.7798834923990122,-0.08204110986109056,1.0216357172632426,1509,0.39070877595691583,0.6970973490623322,0.43836844716952694,0.8265472363284924,0.5357411281682206,High
J,0.29373643577570113,0.6368515499429415,-0.028482400368322187,1.0185955069325319,1509,0.14642558036369133,0.4702822844776508,0.6229646596828516,0.760161194694598,0.4002639688948019,Medium
JKHY,0.2657289087300659,0.48456961805986043,-0.037333512746431596,1.0141759733408853,1509,0.10111165561253851,0.22879890935150177,0.5924582894397559,0.6636562463185914,0.29394161757027626,Low
JNJ,0.20323404771882486,0.4326418937655432,-0.08492535452567498,1.0075890652499266,1509,0.0,0.1464537356979421,0.42842756834540335,0.5198245020646396,0.18160408458492727,Low
JPM,0.30492613609535385,0.5861517280970865,-0.11928008100592541,1.0102769340009512,1509,0.16452961494862672,0.3898842756906886,0.3100200777571222,0.5785168119385563,0.30263282543193737,Low
K,0.2312856966201715,0.4024663772256084,0.018635645847404035,0.9998891191273899,1509,0.045385310362825344,0.09860245426139515,0.7853623902261028,0.3516884561121999,0.23997618407998925,Low
KHC,0.3197850108709144,0.5854085736548518,-0.05326306691683107,1.0295791474034608,1509,0.18857007851292,0.3887058073016179,0.5375552606937287,1.0,0.39955082573439915,Medium
KLAC,0.4293744251614915,0.8730594888996501,-0.12436777403542229,1.0120343690689813,1509,0.36587693122414583,0.8448525938079248,0.29248476235146675,0.6168921692013654,0.5199927200224657,High
KMB,0.22153162586707348,0.43074921349161843,-0.060465404826534196,1.0120978339545452,1509,0.02960400887900919,0.14345238934693214,0.5127315800643093,0.6182779886273375,0.21925143523127893,Low
KMI,0.31722914392133506,0.5747753962829076,-0.09026875876785066,1.014315092367572,1509,0.18443489148128792,0.3718440855704836,0.41001091502468723,0.6666940497904077,0.33399877024763847,Low
KO,0.20696773755051623,0.46766023743929097,-0.02560073170657536,1.0183830543042467,1509,0.006040809665263669,0.20198460345812166,0.6328966600188313,0.7555220784847427,0.2651432447557825,Low
L,0.30798428337864986,0.6000109389931916,-0.12365286873338013,1.011469064994819,1509,0.16947745113735635,0.4118617288421639,0.2949487651684221,0.604548187791905,0.3107940709204666,Low
LIN,0.26220152850497647,0.6971252428519257,-0.10586930614657239,1.021633522431169,1509,0.09540463828723289,0.5658622040058168,0.35624184578235335,0.8264993099689414,0.361818816670003,Medium
LLY,0.29128065432322064,0.8919327461317677,-0.07030052561263375,1.0168029948828776,1509,0.14245232361161692,0.8747811467207874,0.47883371239873035,0.7210198963589057,0.4872840055765197,High
LMT,0.2596205034688872,0.5631294684164797,-0.026672644262615376,1.0072834158088364,1509,0.09122874749631721,0.35337637943565525,0.629202190905135,0.5131503399790022,0.3196598850081506,Low
LNG,0.35855850895640745,0.8400348456343778,-0.10868343330055559,1.0111617970338374,1509,0.25130247797547134,0.7924832666039727,0.3465426349709662,0.5978386837012052,0.4673583665356941,High
LOW,0.3377980690729971,0.7579372143150247,-0.048372525809492466,1.0227650633684882,1509,0.21771375701682122,0.6622957068869013,0.554411069470774,0.8512076411710667,0.48177719288406035,High
LRCX,0.4662700231520001,0.8559630279482298,-0.09814210418759028,1.0117823728378235,1509,0.425571039463925,0.8177416224523001,0.3828745303347367,0.6113895787640404,0.5532647664646114,High
LUMN,0.5709432912601095,0.48910664258284786,-0.023765160925609655,1.00390483528895,1509,0.594923963296852,0.23599356456300974,0.639223164469282,0.4393756459089997,0.4805498521724001,High
MA,0.31048703551602447,0.6554455592452875,-0.08412472494765039,1.0014282469748326,1509,0.17352670267745096,0.49976801576522706,0.4311870296753937,0.3852968562705959,0.34410817736268684,Low
MAA,0.27497718636891016,0.6706783542689658,-0.07940780846287791,1.0158014191651268,1509,0.1160746245430521,0.5239236507078341,0.4474444213503785,0.6991494860697073,0.36301077790661745,Medium
MAR,0.3769848369821595,0.7423356717060989,0.06243400417594512,1.0041157318209386,1509,0.2811147937946615,0.6375553248876078,0.9363184371196855,0.4439807831955939,0.5353742807276435,High
MCO,0.30898233653103757,0.6895506621081359,-0.11522399746893058,1.0137641365222694,1509,0.17109222081592373,0.5538506981064809,0.3239998331630659,0.654663376348107,0.3648584020257376,Medium
MDLZ,0.2140067872326832,0.5711448958982268,-0.14727156249077072,1.0010802586801728,1509,0.01742942555761355,0.3660869647128192,0.21354423818453172,0.3776981828551319,0.19727652555931074,Low
MDT,0.2569486074474697,0.4782829757678515,-0.07396071669615402,1.0179488044789686,1509,0.08690583476431701,0.21882977131843107,0.4662184455730032,0.7460397980355209,0.26825893421940883,Low
MET,0.3418754076460189,0.7232106923087218,-0.04086518260880495,1.0088361312564085,1509,0.224310562689162,0.6072275997465676,0.580285985689054,0.5470554390133875,0.44265524603878464,Medium
META,0.4463068325147954,0.7518698543175658,-0.03892171054778949,1.0153257071473243,1509,0.3932722036240721,0.6526742990667228,0.5869843842312624,0.6887618370637921,0.5393842317222775,High
MLM,0.3384177289612015,0.719439848921652,-0.06399378425229918,1.0236893150995383,1509,0.21871631684652876,0.6012479278516716,0.5005706171793821,0.8713896046615169,0.45511398899614114,High
MMC,0.2295941669721452,0.6544851866492404,-0.1051690853212968,1.0112256047429002,1509,0.0426485515243847,0.49824509040563697,0.35865523687211215,0.599231989022098,0.2981871940080772,Low
MMM,0.2743507309713917,0.45207630365746376,-0.03609194312892109,1.0032974239018109,1509,0.11506107012616794,0.17727214492254567,0.5967375010028165,0.42611220909076913,0.2611647926368711,Low
MO,0.25739745673935893,0.535624182918248,0.0023602784397118467,1.0116452252536998,1509,0.08763203679579717,0.3097594572322978,0.7292674766410686,0.6083948237177699,0.33467362958799896,Low
MOS,0.5099521246097659,0.9120110627770361,-0.03304505219698048,1.0150807197223235,1509,0.4962451641449149,0.9066206408117451,0.6072389587732538,0.6834122909381198,0.6602732787499522,High
MPC,0.4646315045695299,0.9065999348783401,-0.027707477222081164,1.0211429504144094,1509,0.4229200482632937,0.8980398629607022,0.6256355208581815,0.8157871779825293,0.6452858001634174,High
MRK,0.2262218533908283,0.632096414060604,-0.11066141471720527,1.003203847312599,1509,0.03719241954914484,0.4627417558814419,0.3397252959911207,0.424068870416263,0.264051440823941,Low
MRVL,0.4791497552280936,0.845721368890817,-0.06725503815304394,1.0015958577217776,1509,0.446409409419264,0.801500756805979,0.48933033294133343,0.38895680502893737,0.5557757379006597,High
MS,0.3403453534883129,0.7575792049187473,-0.1003719900585321,0.9992119582856028,1509,0.22183505819872595,0.6617279880756748,0.375188973867615,0.3369019699991791,0.3959804114756338,Medium
MSFT,0.3018678430137626,0.7926533462694665,-0.18500129419779585,1.0127124201955553,1509,0.1595815428699891,0.7173473378454573,0.08350440641447876,0.6316980955755875,0.3589075093420873,Medium
MTG,0.4495745137144625,0.7675153158540821,-0.056390683450409845,1.018526946745729,1509,0.398559048826478,0.677484326169249,0.526775572912591,0.758664114255936,0.5438904433894778,High
MU,0.46479318630203487,0.7026640309710123,-0.07684817376130156,1.00658613783131,1509,0.4231816362945551,0.5746454209808455,0.4562664948432522,0.49792457603139734,0.48271203738386587,High
NEE,0.27485569613749317,0.6446191253745532,-0.04324408573141689,1.0285210229008888,1509,0.11587806312599233,0.4825998346201898,0.5720868242355919,0.976894790280787,0.40323801951165095,Medium
NEM,0.33465281796562923,0.6892889534337673,0.014062711545557747,1.002999541040362,1509,0.21262499385074377,0.5534356896205441,0.7696012495976664,0.4196076380607963,0.44696171815207364,High
NFLX,0.4929840204124956,0.7093061816197206,-0.0215045223333523,1.0099029816799214,1509,0.4687921371242857,0.5851783117638303,0.6470147137045844,0.5703511879676747,0.5495084099165477,High
NKE,0.32401361166456155,0.6607335537861243,-0.035541556822064356,1.015798078811899,1509,0.19541161428484938,0.5081535330329641,0.5986344703029948,0.6990765461068986,0.4202452542951178,Medium
NOC,0.2795946748262649,0.6124645810952183,-0.06372220570752758,1.0123118175681503,1509,0.12354534925769613,0.43161028003416935,0.5015066436676882,0.622950535437095,0.3414976059905764,Low
NOV,0.5413356970647343,0.6815847392586343,-0.03045046986523598,1.0103450132944762,1509,0.5470212586687052,0.5412186155481306,0.6161814832670283,0.5800033915902025,0.5624107239443471,High
NOW,0.4198961130646203,0.8161428102410397,-0.07168634873274013,1.0056867478470946,1509,0.35054178505341327,0.7545961103663804,0.4740573146548755,0.47828549371722445,0.5092355594339769,High
NSC,0.30193149110023737,0.61261274224963,-0.11623604675088742,1.0295359475837926,1509,0.15968452035159153,0.43184522882413745,0.3205116896641773,0.9990566886119366,0.357435383581907,Medium
NTRS,0.3384092953688979,0.5566600754102339,-0.11406522352519217,0.988758438582634,1509,0.21870267197290594,0.34311744169532493,0.3279936799752659,0.10863888332656126,0.26687892562546917,Low
NUE,0.38624110539153,0.8532213273189906,-0.03956504699469964,1.0157079456177105,1509,0.2960906911487998,0.8133939292404587,0.5847670516518164,0.6971083974161486,0.5491187053036357,High
NVDA,0.5153647521737535,0.9374595682519711,-0.07194982892726677,1.0152450562733435,1509,0.5050023599423487,0.9469759930062647,0.47314920005610134,0.6870007443447081,0.6494236563245099,High
NWS,0.3367046995697165,0.6960634468657362,-0.037060459218808094,1.0112561483408742,1509,0.21594477315344285,0.5641784449723597,0.5933993996250098,0.5998989391163939,0.43430121658972637,Medium
NWSA,0.3335649934386685,0.7071111975382174,-0.022591724440736975,1.014507600337332,1509,0.2108649813127986,0.581697582580827,0.6432675474050151,0.6708976543786324,0.4545985422182338,High
NYT,0.34111165620936135,0.6809056572321286,-0.03263802189156203,1.0228355844078183,1509,0.2230748743303542,0.5401417509607152,0.6086418352329365,0.8527475387912231,0.4582755959460658,High
O,0.316542199160272,0.504807846000762,-0.09486104428314271,1.0005164741224037,1509,0.18332347014229247,0.260891985196465,0.3941830782278134,0.365387381610057,0.2669723374224249,Low
OKE,0.5088334749432375,0.8380145855660588,0.040384101553145604,1.0227063733241646,1509,0.4944352790119156,0.7892796086657163,0.8603209280496432,0.8499260851923234,0.6916147883336421,High
OMC,0.3042682635307227,0.5785287781329498,-0.04271371144856577,1.007043023965362,1509,0.16346523008376632,0.3777960675691182,0.5739148198082261,0.5079011429849225,0.3442979905643795,Medium
ORCL,0.2988793284991395,0.7032755907515988,-0.12633205337515693,1.0051406171069246,1509,0.1547463668970192,0.5756152111462398,0.28571464914546896,0.46636018128464807,0.3383620580602382,Low
ORLY,0.28358424717073505,0.7776126684318336,-0.10530415345462044,1.0010747168073904,1509,0.13000015623555014,0.6934963556343485,0.35818970911614273,0.3775771705049174,0.3694446280582449,Medium
OTIS,0.2714640797628927,0.5810045087834779,-0.008866032158863628,1.0226635849292598,953,0.11039070078468297,0.38172199486725494,0.6905747143131219,0.848991757676591,0.38168699740433315,Medium
OXY,0.6939897322079586,0.884067609991057,0.004119081973004093,1.018605155090937,1509,0.7940032021358603,0.8623088882092282,0.7353293940000863,0.7603718719096252,0.7993970133080924,High
PANW,0.38028899731440136,0.8591941160558678,-0.0023861917459104746,1.016431859212216,1509,0.2864606592977811,0.8228653692547866,0.7129082247589521,0.7129157767736626,0.5753170971247051,High
PAYX,0.2835088602075903,0.6629466780891808,-0.12485559687083637,1.024716931952951,1509,0.1298781861962249,0.5116630283464733,0.2908034252048518,0.8938286492648542,0.3529937329498877,Medium
PCAR,0.2656612073013016,0.704515037314307,-0.017734387337666746,1.0107413963696543,1509,0.10100212014931925,0.5775806822664845,0.6600089147870705,0.5886588135739806,0.40454271705448525,Medium
PEG,0.24101872155290027,0.5394964373533659,-0.09957414797136768,0.9980486041335702,1509,0.061132561403023776,0.3158999432293984,0.37793882779182436,0.31149896534793675,0.22596066962318756,Low
PEP,0.21326516744919458,0.5759543266874101,-0.19752967234027646,1.015182421693357,1509,0.016229544432506956,0.3737135922781912,0.04032391950694955,0.685633055473742,0.19523398490522426,Low
PFE,0.2572540729987826,0.5878049006230133,-0.05092228380009254,1.0014418804816387,1509,0.08740005344287824,0.3925058190103067,0.5456230371909091,0.3855945575649134,0.30039583027491645,Low
PFG,0.37050145205817636,0.7704807319675695,-0.008675050079627558,1.0131035644226813,1509,0.2706251987618892,0.6821867795915515,0.6912329558730621,0.6402391220580469,0.5151766167626383,High
PG,0.20836224842287107,0.6094558548646819,-0.09559928412454731,1.019443802074802,1509,0.008297016028345611,0.42683914693915226,0.39163865025446715,0.7786845698912771,0.2875667375331051,Low
PGR,0.271854401203213,0.7335684768537699,-0.1254521368705559,1.0077495644364736,1509,0.11102220946256862,0.6236526131400677,0.28874738192815946,0.5233291627694202,0.34158706038962167,Low
PH,0.3553290567403977,0.8012536517777433,-0.05514907913526063,1.0140541402565817,1509,0.24607748419200504,0.7309854022932426,0.5310549040650284,0.6609958987349845,0.4900371850512789,High
PLD,0.2975437656298295,0.700738437430658,-0.0648999638405733,0.997228384993941,1509,0.15258553365880656,0.5715918819201322,0.49744736567768433,0.29358865782667554,0.3613601169577667,Medium
PM,0.26771503674987035,0.5135727571898698,-0.08428312957227659,1.0100456956826984,1509,0.10432505090762943,0.274791075590536,0.4306410700354487,0.5734674913478681,0.2676423061820891,Low
PNC,0.33920864579968824,0.6645387605113358,-0.10788332245433709,0.999279455691803,1509,0.2199959566392606,0.5141876971106978,0.3493003084325105,0.33837584355750483,0.34595233783116613,Medium
PODD,0.43646592644668614,0.7925991109675217,0.047757592473878833,1.0082241747878131,1509,0.37735040958895893,0.717261333395667,0.8857345070895289,0.5336927557832426,0.5966347408505137,High
POOL,0.34462943612477664,0.7904744481749825,-0.056764020411454154,1.012755579284631,1509,0.2287663591272273,0.713892117259499,0.5254888244144907,0.6326405175703155,0.47403599546867026,High
PPG,0.2990101726717691,0.6107808131080636,-0.02794167475246951,1.021717319468548,1509,0.15495806223816816,0.4289402194994787,0.6248283323075406,0.8283291023211505,0.3984638674387341,Medium
PRU,0.37209033475838205,0.7090237542531156,-0.06604010135450121,1.006891204854421,1509,0.2731958830996465,0.5847304482985302,0.49351775145044324,0.5045860204363456,0.4338596400631408,Medium
PSA,0.2500244258024829,0.6401417062293195,-0.04426413574972264,1.0049080799402046,1509,0.07570306611169714,0.47549969953735144,0.5685711052846186,0.46128249903504764,0.33277360726631283,Low
PSX,0.4012291195411703,0.737986103724053,-0.04905968326948935,1.0223580433301938,1509,0.3203400918273884,0.6306579317191818,0.5520427027622217,0.842319950429708,0.5119739518421251,High
QCOM,0.39662000475705783,0.7645627346961947,-0.0931840182291363,1.0194234697289721,1509,0.31288291504214816,0.6728022259717815,0.3999631401596183,0.7782405927285322,0.48481052111317063,High
REGN,0.3167318241503657,0.6898492200178503,-0.040673301396935195,1.0218625600415028,1509,0.18363026811549607,0.5543241408243196,0.5809473262123616,0.831500575895102,0.43908887232547683,Medium
RH,0.5860591430752785,0.898025787294982,0.0020251375645717355,1.0249313276628607,1509,0.61938019503006,0.8844432788377167,0.72811237531777,0.8985101946107197,0.748558556187965,High
RMD,0.3466052497618963,0.7239104329080372,-0.03153287912762533,1.015672608193084,1509,0.231963066581222,0.608337223978057,0.6124508360554222,0.6963367693091094,0.46741023796790127,High
RNR,0.2992832432394611,0.5106488200135716,-0.07874075514625187,1.003469606898912,1509,0.15539986844033615,0.2701543980198086,0.4497434968314681,0.4298719975168315,0.2761421659000538,Low
ROK,0.33276485112898346,0.6712116390598353,-0.05996281157347535,1.0189268413283987,1509,0.2095704154501216,0.5247693151252087,0.5144638251431781,0.7673962135275272,0.42089134709899967,Medium
ROST,0.3711885872159729,0.5815292371495969,-0.029041194681294798,1.014871712567574,1509,0.2717369281474765,0.38255409080475683,0.6210387112287976,0.6788484100984202,0.41555358175601925,Medium
RSG,0.21434402279988865,0.6639765773918518,-0.13767203014094373,1.0258921362913873,1509,0.017975045565080124,0.5132962067319432,0.24663012338339865,0.9194904146209132,0.30245394638438605,Low
RTX,0.31876797069339013,0.5823397076325363,-0.04477157648326054,0.9999461120891919,1509,0.18692458935573233,0.38383930662281324,0.5668221528103488,0.352932954592062,0.3385793537504128,Low
SATS,0.4247675532867091,0.4158116787292754,-0.008898486752093947,0.9981014145829743,1509,0.35842338328569534,0.11976496782640475,0.690462855848911,0.3126521344748979,0.3486566282794715,Medium
SBUX,0.29770385647133063,0.6371985334188947,-0.11393189123610711,1.01912760268995,1509,0.1528445477564565,0.47083251876907356,0.32845322494570917,0.7717800392029397,0.34525622364274045,Medium
SCHW,0.37691003983520643,0.7097109434585571,-0.028622426365743907,1.0073281329531139,1509,0.2809937780304667,0.5858201689674778,0.6224820440817245,0.5141267836716521,0.4640526490859401,High
SJM,0.24481329601068558,0.4920369780137841,0.017631478326400593,1.0034577072306474,1509,0.06727187749339336,0.24064038826273482,0.7819014121170025,0.4296121563259576,0.29844236553217407,Low
SLB,0.4789923920436717,0.8183226177470843,-0.010094136586558613,1.0169977248604665,1509,0.44615480845125005,0.758052773065466,0.6863419120654511,0.7252720207165512,0.6156733397848851,High
SNOW,0.6509444734940248,0.5316131313741861,0.003798296510945785,1.0187994848195923,828,0.7243594377621301,0.3033988716218612,0.734223770248392,0.7646152564303922,0.6040697162841281,High
SO,0.24981607358787283,0.5613253677703128,-0.058516668780459656,1.0225526710108819,1509,0.07536596899636833,0.3505154995681859,0.5194481215325485,0.8465698410319312,0.3238476458787059,Low
SPG,0.4571680337352857,0.7634487569195707,0.028470447581986226,1.014279618726204,1509,0.41084475310373514,0.671035718875449,0.8192591582441685,0.6659194472542057,0.596092393278383,High
SPGI,0.29024474117681986,0.6765443652211621,-0.1396881039264879,1.0263389220519294,1509,0.14077629950965856,0.5332257662362273,0.23968149470127734,0.9292464297890635,0.3571391915938934,Medium
STT,0.3806883547656232,0.6077043181491912,-0.11322427243452768,1.0066883855579425,1509,0.28710678751409924,0.42406162111922246,0.33089211400617874,0.5001572576878718,0.3582553499114294,Medium
STZ,0.28488051417271704,0.6305931222596315,0.028466874970284807,1.0048412424260016,1509,0.1320974119229054,0.4603578881867699,0.819246844829691,0.45982303488029325,0.4007780036791607,Medium
SYK,0.2998102754012052,0.6016393296036862,-0.030699191190477055,0.9894439593321022,1509,0.15625256406318772,0.41444397386482273,0.6153242367977682,0.12360791640804919,0.3222598567850805,Low
T,0.26019974660380646,0.3649998324651468,-0.047718236935397215,1.0041207710042546,1509,0.09216591627189617,0.03918931462498883,0.5566661508420662,0.4440908188171543,0.2043654729463838,Low
TAP,0.3193879372248867,0.5640863888738699,0.03365639257872814,1.002010557126291,1509,0.18792764530960834,0.35489383051419326,0.8371331102823565,0.39801218243341346,0.388867047577914,Medium
TDG,0.38878113174896556,0.7765456762573334,-0.018098853677558414,1.0229571748261463,1509,0.3002002493771732,0.6918043566667407,0.658752739898434,0.8554025875198816,0.5449122134825664,High
TECH,0.3312208447877827,0.7613263314024227,-0.0006953490865826402,1.0243710151194434,1509,0.2070723374496443,0.6676700505325475,0.7187359071998448,0.8862752082811406,0.515504652407705,High
TFC,0.39319569906533386,0.6433464612393596,-0.06286248213547616,1.0042784221727716,1509,0.3073426640165259,0.4805816882323141,0.504469779200865,0.44753329019194216,0.4127588569356718,Medium
TGT,0.34748979265567626,0.7849688013831313,-0.011595287203772234,1.027329688832155,1509,0.23339418579651736,0.7051614546450435,0.6811680249241433,0.950880816086987,0.5362277973056474,High
TJX,0.3080603380183955,0.6357910314274926,-0.03126349660993812,1.0012421962977562,1509,0.1696005014236881,0.46860055121272876,0.613379293685438,0.38123425314421416,0.3692196499848029,Medium
TMO,0.2751733205184968,0.7136620985616338,-0.06605060172352437,1.0064546216652082,1509,0.11639195381246667,0.5920857728913262,0.49348156072870963,0.4950527886454505,0.3723841044026715,Medium
TMUS,0.27342027605743313,0.6550833286204625,-0.14567272603355363,0.9966924183691014,1509,0.11355566895716224,0.4991936030770301,0.2190548107361416,0.2818852890460495,0.2671798395578072,Low
TRGP,0.7160309593705957,0.951494651419376,0.08091056054681882,1.0017721510698832,1509,0.8296641338362352,0.9692323382701488,1.0,0.3928063470915014,0.8619159897246889,High
TROW,0.33519188634805275,0.6514428086232845,-0.06317259802311902,1.0172291226836219,1509,0.2134971631099955,0.49342059346740846,0.5034009293566242,0.7303248242567574,0.4071377115812213,Medium
TRV,0.28228575639091735,0.6067713380128635,-0.19570656688881372,1.0165685621695344,1509,0.12789930265462343,0.42258213376665166,0.046607460774833506,0.7159008229477212,0.25884593564158365,Low
TSLA,0.6394484506820246,0.9708970594124698,-0.02437117085018687,1.0249843880769889,1509,0.705759798037005,1.0,0.6371344820144229,0.8996688219681251,0.7996976978144991,High
TSN,0.30634295946714435,0.5731980653739527,-0.031663344150123264,1.0159715352668603,1509,0.16682192114011515,0.36934280924127544,0.612001173446919,0.7028641417625059,0.3702182600940631,Medium
TXN,0.3123969054249904,0.5948316899276795,-0.209229246568142,1.0077278808881502,1509,0.17661671848635685,0.4036486563555404,0.0,0.5228556807450939,0.24402685237571425,Low
UDR,0.29101963105715495,0.535533139565922,-0.02059963867325605,1.0144121301903928,1509,0.14203000897392937,0.3096150838602857,0.6501334986417292,0.6688129679720796,0.34660452527321123,Medium
ULTA,0.4351091163672566,0.7669332354433148,-0.0024679555378795542,1.0021453036415071,1509,0.3751552000747202,0.6765612833601073,0.7126264165066407,0.400954507732029,0.5356511991124513,High
UNH,0.28750384633948756,0.6648739373663801,-0.1160922868973423,0.997695967367763,1509,0.13634175224644152,0.514719208874565,0.321007174427108,0.3037987879029616,0.30353377723666386,Low
UNP,0.280790477095682,0.6036768903716909,-0.12479277939529797,0.9995813842723338,1509,0.12548006109303003,0.4176750666490947,0.2910199328125566,0.3449687569211319,0.26819540668656494,Low
UPS,0.28824759632272673,0.6455281547966376,-0.024560835273624345,1.0170293329730258,1509,0.13754507986330883,0.4840413417656498,0.6364807819057634,0.7259622155544329,0.4001228124116144,Medium
USB,0.3479785156625145,0.5756952353529643,-0.07787538415554633,1.0135823774193597,1509,0.23418490028980124,0.3733027342785964,0.4527260968383766,0.6506944840477257,0.36127944817194735,Medium
V,0.2758660066440832,0.5833743789889678,-0.13359607816562516,1.005115103218659,1509,0.11751266421720338,0.3854800523646605,0.26067835763242597,0.4658030599461877,0.26136505891738343,Low
VICI,0.35321992663226903,0.7239433779585296,-0.05458637789346583,1.0044340896363053,1509,0.2426650814170507,0.6083894670898182,0.5329943181957197,0.4509324453789367,0.43127498087080335,Medium
VLO,0.45554138963993285,0.812153823837278,-0.032140159659342686,1.0279823366977874,1509,0.4082129738676168,0.748270514885675,0.6103577743078601,0.9651320367813171,0.6063511025524531,High
VMC,0.33202088736645813,0.6750170012216687,-0.07182631820537773,1.022902426638371,1509,0.20836674195557395,0.5308037256889152,0.473574893872876,0.8542071059322045,0.42272350385669977,Medium
VRSK,0.253465739928951,0.6400247132961809,-0.10813210773740276,1.019362037863477,1509,0.08127083541591909,0.47531417622535466,0.3484428415252995,0.7768991663347008,0.322481071972504,Low
VRTX,0.3284952560872265,0.6451738486911283,-0.12363087358294038,0.9954733146592141,1509,0.2026625542839134,0.4834794955037315,0.2950245739678367,0.2552649368871601,0.31064027884696815,Low
W,0.8213117622280436,0.9319188341255195,0.01655812824501691,1.014970138061777,1509,1.0,0.9381896901206442,0.7782019884079407,0.6809976294764356,0.905197067665425,High
WBD,0.5113604757161616,0.7623915956000105,0.02772171850224437,1.0073204940089493,1509,0.49852376289283123,0.6693593093346493,0.8166785779122694,0.5139599796646317,0.6149490115064443,High
WEC,0.25162675125852507,0.5203295872323412,0.041228661152936635,1.0127200683528663,1509,0.07829549974654268,0.2855058209554852,0.8632317992196115,0.631865100760901,0.35280281610527503,Medium
WELL,0.38692767001363054,0.6867509452797689,-0.019537406035389775,1.0175600361986816,1509,0.29720149745354696,0.5494110048299954,0.6537946048112986,0.7375506527351573,0.4882178866661928,High
WFC,0.36248037877589384,0.6500563949993159,-0.08013483117593273,1.0128336398146693,1509,0.25764774771651117,0.4912220671084582,0.44493865449169046,0.6343450475315294,0.40284795487063296,Medium
WM,0.21499621290408155,0.6035725433655541,-0.11618438272988989,1.0236419189890333,1509,0.019030236666268376,0.41750959680697597,0.3206897556162825,0.8703546630545222,0.2840383911373089,Low
WMB,0.34670975119119013,0.7995115663570656,-0.05699108630697436,1.0260149686304416,1509,0.23213214148368283,0.7282228640069125,0.5247062158583672,0.9221725819341665,0.5084782171606369,High
WMT,0.225135691115953,0.5567237564041516,-0.06358213837000923,1.006143874091999,1509,0.03543509640129804,0.3432184247939269,0.5019894017521824,0.4882673037320198,0.26636417672233575,Low
WRB,0.2757812137402252,0.6421779116680859,-0.12385949125744494,1.0174708821738847,1509,0.11737547612278176,0.47872864308779867,0.2942366170281191,0.7356038851900927,0.3229764953000854,Low
XEL,0.23736633462191103,0.5176109661908976,-0.10296374372477252,1.0225518529101982,1509,0.05522329328794638,0.28119472654882366,0.366256198692737,0.8465519769830211,0.26435417271667516,Low
XOM,0.32629328579955985,0.7826801321738366,-0.021862007408028874,1.016969823926604,1509,0.1990999435701213,0.7015321628546549,0.6457826005442728,0.7246627758434897,0.49172242397764854,High
XYL,0.30616960487476375,0.5967236907150542,-0.07722747062436024,1.0184885987202492,1509,0.16654144736099136,0.4066489252004835,0.45495920486181085,0.7578267466598984,0.3553857721428936,Medium
YUM,0.2456890483792596,0.6255859261756942,-0.007463161800333824,1.0092068750873293,1509,0.06868877434635529,0.45241765131614775,0.6954098673122205,0.555151002384908,0.35779787883432135,Medium
ZTS,0.27753454644048714,0.7167805392208613,-0.048014022239958896,1.0091112720220559,1509,0.12021222732591191,0.5970308872999026,0.5556466929899954,0.5530634135732195,0.3936298370756566,Medium
