date,open_price,high_price,low_price,close_price,volume_detail
2022-04-20,52.24237996668903,67.41571826583768,50.70583937943347,62.61402893066406,2840200
2022-04-27,92.19243902909128,93.34484451695492,86.81454675239429,87.58281707763672,38312500
2022-04-28,86.430419921875,87.19869032118055,85.66214952256944,86.430419921875,39894700
2022-04-29,87.19868396261464,88.35108947753906,86.81454879097318,88.35108947753906,21106900
2022-05-03,88.35109077615941,91.04003701717296,87.19868524429647,90.27176666259766,26009800
2022-05-05,91.4241758404356,91.4241758404356,88.7352294921875,88.7352294921875,14300200
2022-05-06,87.58282753024332,87.9669627387093,86.81455711331137,87.19869232177734,18610000
2022-05-09,86.4304080807785,86.8145432278042,84.5097323456501,84.89386749267578,20008500
2022-05-10,84.89386891052787,86.81454467773438,84.50973375708656,86.81454467773438,19690000
2022-05-11,86.81455512152777,86.81455512152777,84.12560872395832,86.430419921875,11274100
2022-05-12,85.66214626207264,86.04628144710436,83.35733515188235,83.74147033691406,19964000
2022-05-13,84.50974149482195,84.50974149482195,82.58906555175781,82.58906555175781,11370800
2022-05-17,82.97319793701172,83.35733311264603,81.05252205884014,82.97319793701172,19527700
2022-05-18,83.35732962868431,84.50973510742188,82.58905930952592,84.50973510742188,20744700
2022-05-19,82.97319793701172,83.74146828828034,82.5890627613774,82.97319793701172,8425100
2022-05-20,83.74147156856519,86.43041790333564,83.3573363778837,85.66214752197266,21988000
2022-05-23,86.04627844769023,88.35108947753906,85.66214327604875,88.35108947753906,16737500
2022-05-24,88.3510888589395,88.3510888589395,85.27800750732422,85.27800750732422,16897700
2022-05-25,86.04627646169355,86.43041162446897,83.35733032226562,83.35733032226562,16910900
2022-05-26,84.1256103515625,84.89388076573202,83.74147514447775,84.1256103515625,7129300
2022-05-27,84.8938723383723,86.04627784522805,84.5097371694204,85.27800750732422,7835800
2022-05-30,86.04628472222223,86.81455512152777,85.66214952256944,86.430419921875,10112700
2022-05-31,86.43040952429307,86.81454467773438,84.89386891052787,86.81454467773438,17740700
2022-06-01,86.43041790333564,86.81455309401713,85.27801233129117,85.66214752197266,8071600
2022-06-02,85.27800263970146,86.04627293375282,84.89386749267578,84.89386749267578,8704600
2022-06-06,85.27800542658026,85.66214058615945,83.35732962868431,84.50973510742188,7431800
2022-06-07,84.50973581059188,84.8938709733673,82.97319515949022,83.35733032226562,4881800
2022-06-08,83.74147033691406,84.89387589200922,83.35733515188235,83.74147033691406,4370400
2022-06-09,83.74146345020395,87.58281498461699,83.35732829676266,86.81454467773438,30842400
2022-06-10,86.04628271265415,86.43041790333564,85.27801233129117,85.66214752197266,10724600
2022-06-13,84.12560346391466,84.12560346391466,82.20492758574309,82.97319793701172,22434300
2022-06-14,82.97320074037064,83.74147111759629,82.20493036314498,82.58906555175781,13831200
2022-06-15,82.97319996685063,84.5097407069775,82.97319996685063,83.74147033691406,13130100
2022-06-16,84.89386954397526,85.27800470028284,81.43665313720703,81.43665313720703,26391200
2022-06-17,81.82078829351461,82.97319376243735,81.05251798089945,81.43665313720703,29346600
2022-06-20,81.43665454457107,81.43665454457107,77.97943807805626,79.13184356689453,25806900
2022-06-21,79.51598281860352,81.05252354939779,78.74771245320639,80.66838836669922,12490300
2022-06-22,80.28425474727855,80.28425474727855,77.97944360620835,78.36357879638672,10910200
2022-06-23,78.74771398656509,79.90011955710018,78.36357879638672,78.36357879638672,9126300
2022-06-24,79.51598079387958,79.90011596679688,78.747710448045,79.90011596679688,7743300
2022-06-27,79.90011596679688,80.28425113971417,79.13184562096228,79.90011596679688,8643700
2022-06-28,79.90012078536185,80.28425598144531,78.74771519711143,80.28425598144531,8965200
2022-06-29,79.51597595214844,79.90011110167572,79.13184080262114,79.51597595214844,8119100
2022-06-30,79.90011596679688,80.66838631263145,79.13184562096228,79.90011596679688,11128400
2022-07-01,80.28425598144531,80.66839117752879,79.51598558927837,80.28425598144531,5243000
2022-07-04,79.90011955710018,80.28425474727855,78.36357879638672,78.36357879638672,7367900
2022-07-05,78.74771478757336,79.13184998165909,77.21117401123047,77.21117401123047,10713900
2022-07-06,77.21116916656494,77.97943950653075,76.44289882659912,76.82703399658203,14668000
2022-07-07,77.21117482040867,77.21117482040867,75.67463402796272,76.05876922607422,20270300
2022-07-08,76.44290199762658,77.21117236946202,75.67463162579114,75.86669921875,16668300
2022-07-11,76.44290284549488,78.36357879638672,76.44290284549488,78.36357879638672,16188800
2022-07-12,77.21116916656494,77.97943950653075,76.44289882659912,76.82703399658203,14097900
2022-07-14,76.6349636077881,76.6349636077881,72.98567962646484,72.98567962646484,47624000
2022-07-15,72.79360994379572,73.17774508861785,71.06500179209607,72.2174072265625,33277000
2022-07-18,72.79361446510775,73.75395238681102,72.6015468807671,73.17774963378906,18430800
2022-07-19,72.21741107261344,72.21741107261344,69.72053249829436,70.10466766357422,45049900
2022-07-20,70.87294857561095,71.06501618692697,69.14434007376678,69.72054290771484,34002700
2022-07-21,70.10466393004073,72.98567751620678,68.9522584955743,72.2174072265625,52036400
2022-07-22,73.36982640531875,74.90636727244583,72.98569118853698,74.52223205566406,41638800
2022-07-25,74.52222689460307,78.36357879638672,74.33015929951388,78.36357879638672,29514500
2022-07-26,78.74771478757336,79.13184998165909,76.82703881714474,77.21117401123047,16087800
2022-07-27,77.21117600314136,78.36358161512854,76.63497319714777,77.97944641113281,11594700
2022-08-01,78.74770984649658,78.74770984649658,76.44289882659912,76.82703399658203,22174300
2022-08-02,76.25083602601616,77.5953092053162,75.86670083193043,77.21117401123047,14659600
2022-08-03,76.82703881714474,77.97944439940191,76.82703881714474,77.21117401123047,8394600
2022-08-04,77.59529876708984,77.97943390950118,77.2111636246785,77.59529876708984,6839600
2022-08-05,77.595300204512,79.51597595214844,77.595300204512,79.51597595214844,14923300
2022-08-08,79.90011454074182,82.20492553710938,79.90011454074182,82.20492553710938,20120900
2022-08-09,82.58906351008885,82.58906351008885,81.05252279362207,81.82079315185547,15011100
2022-08-10,81.43666156969573,81.43666156969573,79.90012078536185,80.28425598144531,17974200
2022-08-11,80.66838836669922,80.66838836669922,79.51598281860352,80.66838836669922,16866000
2022-08-15,81.43665313720703,82.58905860612977,80.66838282459187,81.43665313720703,22396700
2022-08-16,81.43665313720703,81.82078829351461,80.66838282459187,81.43665313720703,6209200
2022-08-17,81.43665723447445,83.35733311264603,80.66838688320583,82.97319793701172,14631000
2022-08-18,82.5890627613774,82.97319793701172,81.82079241010877,82.97319793701172,7812700
2022-08-19,82.97319946289063,82.97319946289063,80.66838836669922,80.66838836669922,16448300
2022-08-22,80.6683814007303,80.6683814007303,78.74770565309386,79.51597595214844,15343700
2022-08-23,78.36358000102797,80.66839117752879,77.97944480494449,80.28425598144531,15499300
2022-08-24,80.28425598144531,81.82079676577919,79.13185039319491,80.28425598144531,21827100
2022-08-25,81.05251602241896,85.27800263970146,79.9001105813419,84.89386749267578,59924700
2022-08-26,85.27800263970146,86.8145432278042,84.1255971986244,84.89386749267578,49101300
2022-08-29,82.97319515949022,84.12560064781647,82.5890599967148,83.35733032226562,18332800
2022-08-30,83.74146683151658,85.27800750732422,83.74146683151658,85.27800750732422,19220200
2022-08-31,84.5097323456501,85.27800263970146,83.74146205159873,84.89386749267578,19002400
2022-09-01,84.50974555864727,85.27801597281679,83.74147514447775,84.1256103515625,16465200
2022-09-02,84.12560552194579,84.5097407069775,83.35733515188235,83.74147033691406,8194700
2022-09-05,83.74147156856519,85.66214752197266,83.74147156856519,85.66214752197266,14240000
2022-09-06,85.66214752197266,86.04628271265415,84.50974194992817,85.66214752197266,18956300
2022-09-07,85.27801233129117,85.66214752197266,84.50974194992817,85.66214752197266,14585500
2022-09-08,86.04628271265415,86.81455309401713,85.66214752197266,85.66214752197266,14662300
2022-09-09,86.43041790333564,86.43041790333564,85.27801233129117,85.66214752197266,17436900
2022-09-12,86.04628271265415,86.43041790333564,85.66214752197266,85.66214752197266,12716700
2022-09-13,86.04627784522805,86.04627784522805,85.27800750732422,85.27800750732422,14333700
2022-09-14,84.12559994784269,84.89387026700108,83.35732962868431,84.50973510742188,14946000
2022-09-15,84.12560422655562,84.5097394056723,81.82079315185547,81.82079315185547,23507600
2022-09-16,81.05252354939779,81.82079391479492,80.28425318400065,80.66838836669922,23669400
2022-09-19,80.66838282459187,81.82078829351461,80.66838282459187,81.43665313720703,8460300
2022-09-20,82.20493036314498,82.97320074037064,81.82079517453215,82.58906555175781,13649200
2022-09-21,82.20492553710938,82.97319586923189,81.82079037104812,82.20492553710938,5283200
2022-09-22,82.20492758574309,83.35733311264603,81.43665723447445,82.97319793701172,10082100
2022-09-23,82.97319515949022,83.74146548504105,82.5890599967148,83.35733032226562,10564900
2022-09-26,82.97319586923189,83.35733103529314,81.82079037104812,82.20492553710938,9833300
2022-09-27,82.97319946289063,82.97319946289063,80.66838836669922,80.66838836669922,17521500
2022-09-28,79.90011110167572,80.6683814007303,79.13184080262114,79.51597595214844,19183600
2022-09-29,81.05252637361225,81.82079676577919,80.28425598144531,80.28425598144531,15964500
2022-09-30,79.90011596679688,80.66838631263145,79.13184562096228,79.90011596679688,12601100
2022-10-03,79.51598436692181,80.28425474727855,77.97944360620835,78.36357879638672,19003300
2022-10-04,80.284246251203,80.284246251203,79.13184080262114,79.51597595214844,12730600
2022-10-05,79.90011596679688,80.28425113971417,79.13184562096228,79.90011596679688,9426100
2022-10-06,80.28425318400065,81.43665873209636,80.28425318400065,80.66838836669922,11316900
2022-10-07,80.66838836669922,81.05252354939779,80.28425318400065,80.66838836669922,5779200
2022-10-10,80.28425598144531,80.28425598144531,79.90012078536185,80.28425598144531,4073600
2022-10-11,79.90011110167572,80.284246251203,78.74770565309386,79.51597595214844,7458400
2022-10-12,79.90576327425762,80.29554748535156,79.51597906316368,80.29554748535156,6543100
2022-10-17,80.29554748535156,80.6853316964455,79.12619485206974,80.29554748535156,11560500
2022-10-18,81.0751220703125,81.85469055175781,80.68533782958986,81.85469055175781,11423200
2022-10-19,81.85469506492078,83.80361637599032,81.85469506492078,83.0240478515625,13032500
2022-10-20,82.63425903320314,84.58318023681642,82.24447479248047,83.8036117553711,14254800
2022-10-21,83.41382289382646,83.41382289382646,82.6342544555664,82.6342544555664,8212800
2022-10-25,83.024044814268,83.4138290622223,81.85469207040506,82.24447631835938,8594200
2022-10-26,82.6342544555664,83.02403867469643,81.85468601730634,82.6342544555664,7234400
2022-10-27,82.63426056631369,83.024044814268,82.24447631835938,82.24447631835938,6523700
2022-10-28,82.24447631835938,82.63426056631369,81.46490782245075,82.24447631835938,6198200
2022-10-31,82.6342544555664,83.02403867469643,82.24447023643637,82.6342544555664,7513600
2022-11-01,83.0240478515625,83.80361637599032,82.63426358934859,83.0240478515625,7359300
2022-11-02,83.0240478515625,83.41383211377641,82.63426358934859,83.0240478515625,6763000
2022-11-03,82.63425304271557,84.19338989257812,82.63425304271557,84.19338989257812,9679300
2022-11-04,84.1933944559543,84.58317868954668,83.41382598876953,83.41382598876953,8711700
2022-11-07,83.80361022236191,83.80361022236191,83.02404175517715,83.41382598876953,9688300
2022-11-08,83.80361637599032,83.80361637599032,82.63426358934859,83.0240478515625,7140900
2022-11-09,83.024044814268,83.80361331017662,81.85469207040506,82.24447631835938,11400800
2022-11-10,82.24447023643637,83.02403867469643,81.85468601730634,82.6342544555664,7945000
2022-11-11,83.80361637599032,83.80361637599032,82.63426358934859,83.0240478515625,8924300
2022-11-14,82.63425903320314,82.63425903320314,81.0751220703125,81.85469055175781,9396300
2022-11-15,81.85468601730634,83.02403867469643,81.85468601730634,82.6342544555664,3854100
2022-11-16,82.63426358934859,83.41383211377641,82.24447932713468,83.0240478515625,10715400
2022-11-17,83.02403867469643,83.02403867469643,81.85468601730634,82.6342544555664,8961800
2022-11-18,82.63426056631369,82.63426056631369,81.46490782245075,82.24447631835938,6299600
2022-11-21,81.85469207040506,82.63426056631369,81.85469207040506,82.24447631835938,6553100
2022-11-22,82.6342544555664,83.02403867469643,82.24447023643637,82.6342544555664,6420400
2022-11-23,82.24447479248047,82.63425903320314,81.46490631103516,81.85469055175781,10408100
2022-11-24,82.24447631835938,82.63426056631369,81.85469207040506,82.24447631835938,2874100
2022-11-25,81.85469207040506,82.63426056631369,81.85469207040506,82.24447631835938,2238700
2022-11-28,81.46490631103516,81.85469055175781,80.68533782958986,81.85469055175781,6914600
2022-11-29,81.46490631103516,83.02404327392578,81.46490631103516,81.85469055175781,11065600
2022-11-30,82.24447479248047,82.24447479248047,81.0751220703125,81.85469055175781,14990500
2022-12-01,82.24447631835938,82.63426056631369,81.85469207040506,82.24447631835938,4145000
2022-12-02,82.63425903320314,82.63425903320314,81.46490631103516,81.85469055175781,6173600
2022-12-06,81.07511901855469,81.46490324460544,80.2955505664532,81.07511901855469,7066600
2022-12-07,81.07511901855469,81.85468747065617,80.68533479250395,81.07511901855469,8174700
2022-12-08,81.07511590753944,81.07511590753944,79.90576327425762,80.29554748535156,8797800
2022-12-09,80.29554748535156,80.29554748535156,79.51597906316368,80.29554748535156,2582700
2022-12-13,80.6853316964455,80.6853316964455,79.90576327425762,80.29554748535156,8084300
2022-12-14,80.68534088134766,80.68534088134766,79.90577237041676,80.68534088134766,8227400
2022-12-15,80.29554748535156,80.6853316964455,79.90576327425762,80.29554748535156,4278100
2022-12-16,79.90577237041676,80.68534088134766,79.51598811495131,80.68534088134766,7712900
2022-12-19,80.2955566258822,80.68534088134766,80.2955566258822,80.68534088134766,2802200
2022-12-20,80.68534088134766,80.68534088134766,79.90577237041676,80.68534088134766,4019200
2022-12-21,80.68533631831265,81.85468901857806,80.29555208489084,81.46490478515625,5516900
2022-12-22,81.85468901857806,81.85468901857806,81.46490478515625,81.46490478515625,3810900
2022-12-23,81.0751220703125,81.85469055175781,80.68533782958986,81.85469055175781,3879000
2022-12-26,81.85468901857806,82.24447325199985,81.46490478515625,81.46490478515625,3487400
2022-12-27,81.85469207040506,82.63426056631369,81.85469207040506,82.24447631835938,5380600
2022-12-28,82.24447023643637,82.6342544555664,82.24447023643637,82.6342544555664,4881900
2022-12-29,82.24447932713468,83.0240478515625,82.24447932713468,83.0240478515625,8023000
2022-12-30,83.02404175517715,83.80361022236191,83.02404175517715,83.41382598876953,9457000
2023-01-03,83.41382598876953,83.80361022236191,82.63425752158477,83.41382598876953,7836900
2023-01-04,83.80361627001281,84.97296905517578,83.80361627001281,84.97296905517578,10532600
2023-01-05,85.75252688308647,86.92187952240128,85.36274266998153,86.1423110961914,24297900
2023-01-06,86.14231123122494,88.09123229980469,85.752527017509,88.09123229980469,14407200
2023-01-09,88.48101200973778,88.87079620361328,87.70144362198678,88.87079620361328,11904400
2023-01-10,88.48101806640625,88.87080228696311,86.92188118417883,88.48101806640625,15353800
2023-01-11,88.48102264404298,88.48102264404298,86.5321014404297,87.70145416259766,15274100
2023-01-12,88.09123686381749,88.48102109772817,86.92188416208539,87.3116683959961,10479700
2023-01-13,87.31165919282512,88.09122757847534,86.5320908071749,86.921875,17578700
2023-01-16,87.3116683959961,87.70145262990678,86.92188416208539,87.3116683959961,5809700
2023-01-17,86.92187952240128,87.70144794861116,85.75252688308647,86.1423110961914,9882700
2023-01-18,85.75252532958984,86.14230953563343,84.97295691750267,85.75252532958984,9802300
2023-01-19,86.14230504766242,86.53208923339844,85.75252086192639,86.53208923339844,7003600
2023-01-20,84.97296754336028,85.36275179814633,83.41383052421605,84.58318328857422,31793400
2023-01-23,83.80361022236191,84.1933944559543,83.02404175517715,83.41382598876953,15629300
2023-01-24,83.41382598876953,84.1933944559543,83.41382598876953,83.41382598876953,7979700
2023-01-25,83.41383211377641,83.80361637599032,83.0240478515625,83.0240478515625,6124600
2023-01-26,83.41382751464845,83.8036117553711,83.02404327392578,83.8036117553711,5806600
2023-01-27,84.58318328857422,84.97296754336028,83.80361477900212,84.58318328857422,7650700
2023-01-30,84.58318023681642,84.58318023681642,83.8036117553711,83.8036117553711,6257000
2023-01-31,83.41382437485915,83.8036086009099,81.07511901855469,81.07511901855469,20423400
2023-02-01,81.46490782245075,82.24447631835938,81.07512357449644,82.24447631835938,6245400
2023-02-02,82.24447479248047,82.63425903320314,81.85469055175781,81.85469055175781,5962000
2023-02-03,81.85469055175781,82.24447479248047,81.46490631103516,81.85469055175781,2698200
2023-02-06,81.46490324460544,81.46490324460544,80.2955505664532,81.07511901855469,7254900
2023-02-07,80.68534088134766,81.0751251368131,79.90577237041676,80.68534088134766,7650700
2023-02-08,80.2955459222561,80.68533012576219,79.90576171875,79.90576171875,6803600
2023-02-09,79.90577237041676,80.68534088134766,79.51598811495131,80.68534088134766,5866500
2023-02-10,80.68533154387971,80.68533154387971,77.76194996620292,78.34662628173828,29348900
2023-02-13,78.73641204833984,79.51598048446202,77.95684361221767,78.73641204833984,9268600
2023-02-14,78.73641049209519,79.1261947024521,77.76194996620292,78.34662628173828,11476000
2023-02-15,77.95683208264803,78.34661624306128,77.37215584202816,77.7619400024414,15040900
2023-02-16,77.76194684589329,77.76194684589329,77.1772705538189,77.56705474853516,8847300
2023-02-17,77.37216186523438,77.5670539606128,76.7874855790991,77.37216186523438,8332300
2023-02-20,77.56705786102447,78.34662628173828,77.17727365066756,78.34662628173828,13063400
2023-02-21,78.34662628173828,78.34662628173828,76.78748944031065,78.34662628173828,29092600
2023-02-22,77.95683208264803,78.34661624306128,77.56704792223479,77.7619400024414,8515400
2023-02-23,77.7619400024414,77.95683208264803,76.98237168161494,77.7619400024414,12538700
2023-02-24,77.76195302502863,79.1261978149414,77.37216879933926,79.1261978149414,11143300
2023-02-27,81.46490939227854,81.854693647744,80.2955566258822,80.68534088134766,28525900
2023-02-28,80.68533479250395,81.46490324460544,80.2955505664532,81.07511901855469,19098900
2023-03-01,81.07511901855469,81.46490324460544,80.68533479250395,81.07511901855469,12698800
2023-03-02,81.0751251368131,81.46490939227854,80.68534088134766,80.68534088134766,12026200
2023-03-03,81.07512055173444,81.46490478515625,80.68533631831265,81.46490478515625,7436200
2023-03-07,81.85469055175781,82.24447479248047,81.46490631103516,81.85469055175781,6902900
2023-03-08,81.46490324460544,81.85468747065617,80.68533479250395,81.07511901855469,10481100
2023-03-09,81.07511901855469,81.85468747065617,81.07511901855469,81.07511901855469,6863800
2023-03-10,80.68533012576219,80.68533012576219,79.5159775152439,79.90576171875,14628600
2023-03-13,79.51596872430099,79.90575288471423,77.7619400024414,77.7619400024414,25726700
2023-03-14,76.39771118164063,78.34663238525391,76.00792694091797,76.00792694091797,41678200
2023-03-15,77.95684361221767,79.12619626640092,77.56705939415657,78.73641204833984,18838500
2023-03-16,77.17727210998535,78.3466247177124,76.78748790740967,77.95684051513672,29037400
2023-03-17,79.1261978149414,79.90576626632014,78.34662936356267,79.1261978149414,20423300
2023-03-20,78.73641049209519,79.1261947024521,77.56705786102447,78.34662628173828,16912900
2023-03-21,78.34662336461683,79.9057601479923,78.34662336461683,79.51597595214844,9164600
2023-03-22,79.51598204063077,79.90576626632014,78.73641358925204,79.1261978149414,8658900
2023-03-23,78.7364075604607,79.9057601479923,78.34662336461683,79.51597595214844,10537400
2023-03-24,79.90576171875,80.2955459222561,79.12619331173781,79.90576171875,8630300
2023-03-27,79.90576626632014,80.29555049200951,78.73641358925204,79.1261978149414,11345000
2023-03-28,79.5159775152439,80.2955459222561,79.12619331173781,79.90576171875,13083800
2023-03-29,80.68534088134766,81.0751251368131,80.2955566258822,80.68534088134766,14685800
2023-03-30,80.68533012576219,80.68533012576219,79.5159775152439,79.90576171875,15348500
2023-03-31,80.2955459222561,80.2955459222561,79.5159775152439,79.90576171875,6838700
2023-04-03,80.68534088134766,81.0751251368131,80.2955566258822,80.68534088134766,5468900
2023-04-04,80.68534088134766,80.68534088134766,80.2955566258822,80.68534088134766,5276900
2023-04-05,80.29554748535156,80.6853316964455,80.29554748535156,80.29554748535156,7396900
2023-04-07,80.68534088134766,81.0751251368131,80.2955566258822,80.68534088134766,8880400
2023-04-10,81.07512055173444,81.85468901857806,80.68533631831265,81.46490478515625,9397200
2023-04-11,81.46490179817631,82.6342544555664,81.46490179817631,82.6342544555664,15024900
2023-04-12,82.63426056631369,82.63426056631369,81.46490782245075,82.24447631835938,19913600
2023-04-17,81.99030683545644,83.63011297216556,81.99030683545644,83.22016143798828,17896200
2023-04-18,83.22015505497998,83.63010655771387,82.8102035522461,82.8102035522461,6897700
2023-04-19,82.81020480483325,83.22015631376807,81.99030178696361,82.40025329589844,9688200
2023-04-20,81.9902921977796,82.4002436587685,80.96541354530736,81.78531646728516,36407600
2023-04-21,82.40024718497564,84.85995605616894,81.99029570644342,84.45000457763672,28049800
2023-04-24,84.8599649941049,85.26991651581555,84.0400619506836,84.0400619506836,12741500
2023-04-25,83.63011169433594,84.45001475016275,83.22016016642252,83.63011169433594,9024600
2023-04-26,83.63010670588567,85.26991271972656,83.63010670588567,85.26991271972656,15784300
2023-04-27,84.8599624633789,85.26991397286383,84.04005944440907,84.8599624633789,11462200
2023-04-28,85.26991397286383,85.26991397286383,84.45001095389398,84.8599624633789,12851900
2023-05-02,84.8599649941049,85.26991651581555,84.0400619506836,84.0400619506836,6459800
2023-05-03,84.45001095389398,84.8599624633789,84.04005944440907,84.8599624633789,12832800
2023-05-08,85.679860517312,86.49976348876953,85.26990903158324,86.49976348876953,15583500
2023-05-09,86.49977616860834,87.7296308060767,86.08982462278554,87.3196792602539,16541100
2023-05-10,87.31967038306121,87.72962188720703,86.08981587062372,87.72962188720703,13307000
2023-05-11,86.90971887891538,88.13957339135285,86.90971887891538,87.72962188720703,12383400
2023-05-12,87.31966646022707,87.72961794595582,86.08981200304076,86.49976348876953,10322600
2023-05-15,87.31967289042923,87.72962440634673,86.90972137451172,86.90972137451172,12302700
2023-05-16,86.90972520746112,87.31967674145858,85.26991907147129,85.67987060546875,14413600
2023-05-17,85.26990753470115,85.67985901323337,84.0400530991045,84.45000457763672,16458000
2023-05-18,84.8599624633789,85.67986548234876,84.45001095389398,84.8599624633789,9285000
2023-05-19,84.85995605616894,85.26990753470115,84.0400530991045,84.45000457763672,7696900
2023-05-22,84.0400619506836,84.0400619506836,83.22015890726229,84.0400619506836,13216700
2023-05-23,83.63010793492414,85.26991397286383,83.22015642543921,84.8599624633789,10496100
2023-05-24,84.8599624633789,85.26991397286383,84.45001095389398,84.8599624633789,6990700
2023-05-25,84.45001347239425,84.8599649941049,84.0400619506836,84.0400619506836,6137600
2023-05-26,84.04006322224934,84.04006322224934,83.22016016642252,83.63011169433594,7295100
2023-05-29,84.0400530991045,84.85995605616894,83.63010162057229,84.45000457763672,10470200
2023-05-30,84.45000457763672,84.85995605616894,84.0400530991045,84.45000457763672,12734600
2023-05-31,84.04005944440907,84.8599624633789,84.04005944440907,84.8599624633789,6535200
2023-06-01,84.85996121626634,85.67986422318678,84.04005820934589,85.26991271972656,7704700
2023-06-02,85.26990903158324,86.9097149744983,85.26990903158324,86.49976348876953,11532300
2023-06-06,86.9097149744983,87.31966646022707,86.08981200304076,86.49976348876953,9001100
2023-06-07,86.49976348876953,86.49976348876953,85.679860517312,86.49976348876953,6262200
2023-06-08,86.49976615018622,88.13957214355469,86.08981465184411,88.13957214355469,12628300
2023-06-09,87.72962064521256,88.5495236418968,87.72962064521256,88.13957214355469,8584000
2023-06-12,88.13957214355469,88.5495236418968,87.31966914687045,88.13957214355469,8528500
2023-06-13,88.54952239990234,88.95947389249449,87.72961941471806,88.54952239990234,12123800
2023-06-14,88.1395709073102,88.95947389249449,88.1395709073102,88.54952239990234,6719700
2023-06-15,88.54952489549869,88.54952489549869,87.72962188720703,87.72962188720703,5387000
2023-06-16,87.7296308060767,87.7296308060767,86.49977616860834,87.3196792602539,4738700
2023-06-19,86.90971887891538,87.72962188720703,86.49976737476955,87.72962188720703,5431000
2023-06-20,88.13957214355469,88.95947514023891,87.72962064521256,88.13957214355469,8024000
2023-06-21,87.72961941471806,88.54952239990234,87.72961941471806,88.54952239990234,5770700
2023-06-22,88.13957339135285,88.54952489549869,87.72962188720703,87.72962188720703,4476200
2023-06-23,87.31967038306121,88.13957339135285,86.90971887891538,87.72962188720703,3723900
2023-06-26,88.13957214355469,88.5495236418968,87.31966914687045,88.13957214355469,7764900
2023-06-27,87.72962440634673,88.13957592226424,86.90972137451172,86.90972137451172,6259500
2023-06-28,86.4997685013186,86.4997685013186,84.45001095389398,84.8599624633789,14925500
2023-06-29,84.45001600347638,86.49977367346366,84.45001600347638,85.67987060546875,7600500
2023-06-30,85.67987307696276,88.13958235189949,85.26992153113997,87.3196792602539,12026500
2023-07-03,88.13957214355469,88.5495236418968,87.31966914687045,88.13957214355469,12935600
2023-07-04,88.1395822464059,90.1893399730665,88.1395822464059,89.77938842773438,18241400
2023-07-05,89.36943054199219,90.18933357448752,88.95947902574451,89.36943054199219,10180000
2023-07-06,88.54952239990234,88.95947389249449,87.72961941471806,88.54952239990234,10800400
2023-07-07,88.13956968245968,89.36942414314517,87.72961819556453,88.95947265625,7016800
2023-07-10,89.36942414314517,89.77937563004032,88.54952116935485,88.95947265625,5150100
2023-07-11,89.77938842773438,89.77938842773438,88.95948533707013,89.77938842773438,4703800
2023-07-12,89.77937687767876,89.77937687767876,88.1395709073102,88.54952239990234,6821700
2023-07-13,88.13957214355469,88.5495236418968,87.72962064521256,88.13957214355469,4848500
2023-07-14,88.13956968245968,88.95947265625,88.13956968245968,88.95947265625,6144000
2023-07-17,88.95948533707013,90.1893399730665,88.95948533707013,89.77938842773438,5820600
2023-07-18,89.7793758717353,91.41918182373048,89.7793758717353,91.41918182373048,14728600
2023-07-19,91.82912685634854,91.82912685634854,90.59927247880816,91.00922393798828,10232700
2023-07-20,91.00922393798828,91.4191753971684,90.18932101962804,91.00922393798828,6207500
2023-07-21,91.829143541431,91.829143541431,89.36943433942838,90.59928894042967,19760500
2023-07-24,88.5495236418968,88.95947514023891,87.31966914687045,88.13957214355469,22193800
2023-07-25,88.54952489549869,88.95947639964452,87.72962188720703,87.72962188720703,9916200
2023-07-26,88.13957353071733,90.59928255948154,87.72962202592329,90.1893310546875,16849600
2023-07-27,90.59927247880816,91.00922393798828,89.77936956044789,91.00922393798828,12559900
2023-07-31,91.82914605034722,92.23909759521484,91.4191945054796,92.23909759521484,3710200
2023-08-02,92.64904274259294,93.0589942591531,91.82913970947266,91.82913970947266,9809600
2023-08-03,91.4191753971684,92.23907831552866,90.59927247880816,91.00922393798828,8837200
2023-08-04,90.59928894042967,91.829143541431,90.59928894042967,90.59928894042967,3193400
2023-08-07,90.59927884773288,92.23908479972803,90.59927884773288,91.41918182373048,6001200
2023-08-08,91.82913331172928,91.82913331172928,91.00923033573169,91.41918182373048,6687800
2023-08-09,91.4191945054796,92.23909759521484,91.4191945054796,92.23909759521484,9627100
2023-08-10,92.23908747870492,93.05899047851562,91.4191844788942,93.05899047851562,8358400
2023-08-11,93.0589917275758,93.0589917275758,92.23908871676016,92.64904022216795,6154900
2023-08-15,92.64904022216795,93.46894323298362,92.23908871676016,92.64904022216795,6348700
2023-08-16,92.23908747870492,93.05899047851562,91.82913597879956,93.05899047851562,5441700
2023-08-17,92.23908625150982,93.46894073486328,91.82913475705868,93.46894073486328,6331500
2023-08-18,93.05899047851562,93.468941978421,92.64903897861026,93.05899047851562,9524200
2023-08-21,93.05899047851562,93.87889347832632,92.64903897861026,93.05899047851562,5380500
2023-08-22,93.46894709824474,94.2888501429662,93.05899557588404,93.87889862060548,13495800
2023-08-23,93.87890608767246,97.15851852741648,93.87890608767246,96.33861541748048,25127400
2023-08-24,96.33859617956756,96.74854765267207,95.1087417602539,95.1087417602539,16315000
2023-08-25,94.69879541641626,95.92864990234376,94.69879541641626,95.92864990234376,3328700
2023-08-28,95.92866386251248,96.33861541748048,95.51871230754446,96.33861541748048,6452600
2023-08-29,95.92864990234376,96.33860139765292,95.5186984070346,95.92864990234376,8331100
2023-08-30,95.92864990234376,96.33860139765292,95.10874691172542,95.92864990234376,8064100
2023-08-31,95.5187034930213,96.7485580444336,95.5187034930213,96.7485580444336,4896200
2023-09-01,96.7485580444336,97.15850956157102,96.33860652729616,96.7485580444336,5695800
2023-09-04,96.7485567889636,97.15850830078124,96.33860527714596,97.15850830078124,6376200
2023-09-05,96.74854765267207,96.74854765267207,94.69879028714936,95.1087417602539,11182100
2023-09-06,95.5186996459961,96.33860264724927,94.69879664474291,95.5186996459961,17327800
2023-09-07,95.51869323335843,95.928644706463,94.69879028714936,95.1087417602539,6584800
2023-09-08,95.51869323335843,95.51869323335843,94.69879028714936,95.1087417602539,12202000
2023-09-11,95.1087417602539,95.51869323335843,94.69879028714936,95.1087417602539,5567400
2023-09-12,95.1087417602539,95.51869323335843,94.69879028714936,95.1087417602539,8288700
2023-09-13,95.5277328491211,96.36569541797304,95.10875156469513,95.5277328491211,8781900
2023-09-14,95.52773501466976,96.36569760251774,95.52773501466976,95.94671630859376,7366600
2023-09-15,96.36569541797304,96.36569541797304,95.5277328491211,95.5277328491211,3463700
2023-09-18,95.52772953050554,95.52772953050554,93.43282318115234,93.43282318115234,9057400
2023-09-19,93.43282646075632,93.85180774533372,92.59486389160156,92.59486389160156,7631000
2023-09-20,92.5948617068204,93.0138429815119,91.33791788274593,92.1758804321289,10804800
2023-09-21,91.75690024239675,92.1758815220424,90.49995640345982,90.91893768310548,15466900
2023-09-22,89.24301368602808,89.661994970939,83.796256982186,86.7291259765625,81186400
2023-09-25,87.14810726147343,87.56708854638435,86.31014469165157,86.7291259765625,11352000
2023-09-26,86.72912709853229,87.14810838886336,85.05320193720799,85.47218322753906,20143800
2023-09-27,85.89116668701172,86.72912928883622,85.47218538609947,85.89116668701172,15726600
2023-09-28,86.31014138401144,86.72912265286587,85.05319757744817,84.63421630859375,23424300
2023-09-29,85.05320408518722,86.31014798792397,85.05320408518722,85.89116668701172,15408100
2023-10-02,85.89116451787014,85.89116451787014,84.21523935654584,85.47218322753906,10960800
2023-10-03,84.63421848842076,85.0531997680664,84.21523720877511,85.0531997680664,9371900
2023-10-04,84.63421741967063,86.31014251708984,84.21523614531583,86.31014251708984,11359200
2023-10-05,87.14810838886336,87.56708967919444,84.63422064687691,85.47218322753906,16027100
2023-10-06,85.47218322753906,86.31014580820121,85.05320193720799,85.47218322753906,6585400
2023-10-09,85.47218322753906,85.47218322753906,84.63422064687691,85.47218322753906,8828800
2023-10-10,85.47218104771206,85.89116232735769,85.0531997680664,85.0531997680664,9546200
2023-10-11,85.4721821218297,86.7291259765625,85.05320083691878,86.7291259765625,10982000
2023-10-12,86.72912054795485,87.14810180664062,86.31013928926909,87.14810180664062,6131300
2023-10-16,87.14810726147343,87.14810726147343,85.89116340674065,86.7291259765625,9111400
2023-10-17,87.14810180664062,87.14810180664062,86.31013928926909,87.14810180664062,3919100
2023-10-18,87.14810180664062,87.5670830653264,86.72912054795485,87.14810180664062,3317200
2023-10-19,86.7291259765625,87.14810726147343,86.31014469165157,86.7291259765625,5692900
2023-10-20,86.3101317900464,86.72911301232818,82.95828201179216,83.58675384521484,31188700
2023-10-24,83.58676415681839,83.79625479380289,80.02542332808176,80.44440460205078,59691200
2023-10-25,81.07288244116398,82.74880765958598,80.86339178886122,82.32982635498047,22990100
2023-10-26,81.91083304986243,82.95828615791693,81.28236118502973,81.49185180664062,30030900
2023-10-27,81.91083377838135,84.21523063659667,81.91083377838135,83.79624938964844,18136800
2023-10-30,83.37727903115629,83.58676968198834,82.74880707866014,82.95829772949219,16140400
2023-10-31,83.16778620608568,83.37727685144105,82.12033297930878,82.53931427001953,13069000
2023-11-01,82.12033081054688,82.74880273001534,81.91084017072404,82.12033081054688,10974500
2023-11-02,82.53931642782808,83.37727903115629,82.32982577699603,82.95829772949219,11014600
2023-11-03,83.37726814270019,84.21523063659667,83.16777751922608,83.79624938964844,17607700
2023-11-06,84.21523063659667,84.63421188354492,83.79624938964844,83.79624938964844,8193900
2023-11-07,83.37727685144105,83.37727685144105,82.32982362466416,82.53931427001953,15393100
2023-11-08,82.74880765958598,82.95829831188873,82.12033570267772,82.32982635498047,12860600
2023-11-09,82.32982418909097,82.32982418909097,81.70135224871623,81.91084289550781,15466900
2023-11-10,81.2823736728766,82.32982694185696,81.07288301908052,81.70135498046875,10282900
2023-11-13,81.70134953090123,82.32982145036969,81.07287761143276,82.12033081054688,6999700
2023-11-14,82.12033297930878,82.74880491537492,81.9108423339534,82.53931427001953,5197700
2023-11-15,82.95829556073029,83.37727685144105,82.53931427001953,82.53931427001953,15180700
2023-11-16,82.53931427001953,82.74880491537492,82.12033297930878,82.53931427001953,6522721
2023-11-17,82.53931642782808,83.58676968198834,82.53931642782808,82.95829772949219,9742000
2023-11-20,83.16778620608568,83.37727685144105,82.32982362466416,82.53931427001953,5379900
2023-11-21,82.95828739041345,83.37726863985999,82.74879676569019,83.16777801513672,5178000
2023-11-22,83.16777801513672,83.37726863985999,82.74879676569019,83.16777801513672,6554200
2023-11-23,82.95829282350178,83.37727410038815,82.7488021850586,82.7488021850586,4953500
2023-11-24,83.16777801513672,83.37726863985999,82.74879676569019,83.16777801513672,7815700
2023-11-27,83.16777751922608,84.63421188354492,82.95828689575195,83.79624938964844,12239200
2023-11-28,84.21524047851562,84.63422177442864,83.79625918260261,84.21524047851562,4877200
2023-11-29,84.63420690091928,84.63420690091928,83.58675384521484,83.58675384521484,8201200
2023-11-30,83.58675926458325,83.79624988930652,82.95828739041345,83.16777801513672,9500100
2023-12-01,83.37726323407395,84.21522567863751,83.16777262293306,83.58675384521484,9681100
2023-12-04,83.79625918260261,84.63422177442864,83.79625918260261,84.21524047851562,5770800
2023-12-06,84.21522567863751,84.63420690091928,83.37726323407395,83.58675384521484,7223200
2023-12-07,83.37727355957031,83.796254833739,83.16778292248596,83.37727355957031,7261300
2023-12-08,83.58675926458325,83.79624988930652,82.95828739041345,83.16777801513672,6868700
2023-12-12,82.95829228540161,83.796254833739,82.95829228540161,83.37727355957031,10003900
2023-12-13,83.58676749679644,83.58676749679644,82.32982362466416,82.53931427001953,8173900
2023-12-14,83.16778292248596,83.58676419665466,82.95829228540161,83.37727355957031,6827400
2023-12-15,83.7962537708849,85.05319757744817,83.58676313645769,84.63421630859375,20620900
2023-12-18,84.2152414833627,85.89116668701172,83.79626018245045,85.89116668701172,6551400
2023-12-19,85.47218538609947,86.31014798792397,85.05320408518722,85.89116668701172,12327800
2023-12-20,86.31014469165157,87.14810726147343,85.89116340674065,86.7291259765625,7665700
2023-12-21,86.31014469165157,87.14810726147343,86.31014469165157,86.7291259765625,10482100
2023-12-22,87.14810180664062,87.14810180664062,86.31013928926909,87.14810180664062,5691300
2023-12-25,86.7291259765625,87.56708854638435,86.31014469165157,86.7291259765625,4754100
2023-12-26,86.31013928926909,87.14810180664062,86.31013928926909,87.14810180664062,3515500
2023-12-27,87.14810726147343,87.56708854638435,86.7291259765625,86.7291259765625,7946600
2023-12-28,86.72912914348099,89.24301694474131,86.31014784327094,88.82403564453125,25020700
2024-01-03,88.4050543443212,89.66199824495136,87.98607304411115,88.82403564453125,9806100
2024-01-04,88.4050521850586,88.4050521850586,87.14810831512885,88.4050521850586,8391700
2024-01-05,87.9860751729616,89.2430191040039,87.9860751729616,89.2430191040039,10293100
2024-01-08,88.82403128487722,88.82403128487722,87.98606872558594,87.98606872558594,6604900
2024-01-09,88.4050543443212,89.24301694474131,87.98607304411115,88.82403564453125,7858300
2024-01-10,88.40504558269794,88.40504558269794,86.72912054795485,87.14810180664062,9292900
2024-01-11,87.56708744594029,88.40505000523159,87.14810616629464,87.98606872558594,5875900
2024-01-12,87.56708744594029,88.40505000523159,87.56708744594029,87.98606872558594,4825100
2024-01-15,87.98606872558594,87.98606872558594,87.98606872558594,87.98606872558594,0
2024-01-16,87.56708854638435,87.9860698312953,86.7291259765625,86.7291259765625,5255700
2024-01-17,86.72912928883622,87.56709189066072,85.89116668701172,85.89116668701172,10935000
2024-01-18,86.31014798792397,86.31014798792397,85.05320408518722,85.89116668701172,7378700
2024-01-19,85.89116232735769,88.40505000523159,85.89116232735769,87.98606872558594,17200000
2024-01-22,87.98606872558594,88.40505000523159,86.31014360700334,87.98606872558594,8947400
2024-01-23,88.40504558269794,88.40504558269794,87.14810180664062,87.14810180664062,8419700
2024-01-24,86.72912272768158,87.98606653532914,86.72912272768158,87.56708526611328,6887600
2024-01-25,87.14811044369104,88.82403564453125,87.14811044369104,88.82403564453125,9117500
2024-01-26,88.4050521850586,88.82403347503518,87.98607089508201,88.4050521850586,8507700
2024-01-29,88.40505000523159,88.82403128487722,87.56708744594029,87.98606872558594,3465300
2024-01-30,87.98606432401218,88.40504558269794,86.72912054795485,87.14810180664062,7793300
2024-01-31,87.14810180664062,87.98606432401218,86.72912054795485,87.14810180664062,5769200
2024-02-01,87.14810399689743,88.40504780454499,86.72912272768158,87.56708526611328,4290800
2024-02-02,88.40505000523159,88.40505000523159,87.14810616629464,87.98606872558594,4056600
2024-02-05,87.56708744594029,88.40505000523159,87.56708744594029,87.98606872558594,4967300
2024-02-06,87.5670917439011,88.82403564453125,87.5670917439011,88.82403564453125,4399100
2024-02-07,88.82403347503518,89.66199605498834,87.98607089508201,88.4050521850586,5662700
2024-02-08,87.98606432401218,88.40504558269794,87.14810180664062,87.14810180664062,5575200
2024-02-09,87.56708634015426,87.56708634015426,85.89116124273504,86.31014251708984,6483900
2024-02-12,86.31013928926909,87.5670830653264,86.31013928926909,87.14810180664062,2016500
2024-02-13,87.56708967919444,87.56708967919444,85.47218322753906,85.47218322753906,10411400
2024-02-14,85.05320408518722,86.72912928883622,84.63422278427495,85.89116668701172,6844700
2024-02-15,85.89116232735769,86.31014360700334,84.63421848842076,85.0531997680664,9891200
2024-02-16,85.89116340674065,86.7291259765625,85.89116340674065,86.7291259765625,5838900
2024-02-19,86.31014469165157,86.7291259765625,85.89116340674065,86.7291259765625,3977400
2024-02-20,86.72912054795485,87.5670830653264,86.72912054795485,87.14810180664062,4333200
2024-02-21,92.17587720166456,93.43282098168724,91.33791468164942,93.01383972167967,58183400
2024-02-22,93.01383972167967,93.43282098168724,92.59485846167212,93.01383972167967,15540000
2024-02-23,93.01384623209636,94.27079010009766,93.01384623209636,94.27079010009766,18941200
2024-02-27,94.2707868399599,95.5277306644927,94.2707868399599,95.10874938964844,19382300
2024-02-28,95.10874938964844,95.5277306644927,94.68976811480417,95.10874938964844,12382600
2024-02-29,95.1087526787652,95.94671525743271,93.43282752143011,94.27079010009766,18765100
2024-03-01,94.68976699076428,95.1087482606349,93.43282318115234,93.43282318115234,15517900
2024-03-04,93.8518088107639,94.68977138943144,93.01384623209636,94.27079010009766,6543900
2024-03-05,94.27078792027064,94.68976919991628,93.851806640625,93.851806640625,6801700
2024-03-06,94.27078466499802,95.10874719535356,94.27078466499802,94.68976593017578,6231400
2024-03-07,94.27079010009766,95.1087526787652,94.27079010009766,94.27079010009766,8502100
2024-03-08,94.2707868399599,95.10874938964844,93.85180556511564,95.10874938964844,4148600
2024-03-11,94.68976593017578,95.10874719535356,94.27078466499802,94.68976593017578,6463900
2024-03-12,94.68976593017578,94.68976593017578,94.68976593017578,94.68976593017578,0
2024-03-13,94.68976811480417,95.10874938964844,94.2707868399599,95.10874938964844,4089000
2024-03-14,95.10874832816744,96.36569213867188,94.68976705799932,96.36569213867188,14380200
2024-03-15,96.36569213867188,96.36569213867188,96.36569213867188,96.36569213867188,0
2024-03-18,95.52773501466976,96.36569760251774,95.52773501466976,95.94671630859376,9946000
2024-03-19,95.94671303885325,97.20365687779017,95.94671303885325,96.78467559814452,9030100
2024-03-20,96.78467559814452,96.78467559814452,96.78467559814452,96.78467559814452,0
2024-03-21,96.36569213867188,97.20365467900815,95.94671086850371,96.36569213867188,7230300
2024-03-22,96.36569213867188,96.36569213867188,96.36569213867188,96.36569213867188,0
2024-03-25,96.36569760251774,97.20366019036572,95.52773501466976,95.94671630859376,8995300
2024-03-26,95.94671630859376,95.94671630859376,95.94671630859376,95.94671630859376,0
2024-03-27,95.94671630859376,96.36569760251774,95.94671630859376,95.94671630859376,4421500
2024-03-28,95.94671630859376,95.94671630859376,95.94671630859376,95.94671630859376,0
2024-03-29,95.5277328491211,95.94671413354706,95.5277328491211,95.5277328491211,5281200
2024-04-01,95.94671413354706,95.94671413354706,95.5277328491211,95.5277328491211,3179500
2024-04-02,95.5277328491211,95.94671413354706,95.10875156469513,95.5277328491211,8532800
2024-04-03,95.1087526787652,95.52773396809896,93.8518088107639,94.27079010009766,14065100
2024-04-04,93.851804451023,94.27078572089364,93.0138419112817,93.43282318115234,14559200
2024-04-05,93.43282752143011,94.68977138943144,93.01384623209636,94.27079010009766,7172000
2024-04-09,94.68976705799932,96.36569213867188,94.27078578783116,96.36569213867188,11795400
2024-04-10,96.36569431849888,96.78467559814452,95.94671303885325,96.78467559814452,8728900
2024-04-11,96.78467559814452,97.62263815743582,96.36569431849888,96.78467559814452,24277900
2024-04-17,103.83271026611328,103.83271026611328,103.83271026611328,103.83271026611328,0
2024-04-18,103.83271026611328,103.83271026611328,103.83271026611328,103.83271026611328,0
2024-04-19,103.83271026611328,103.83271026611328,103.83271026611328,103.83271026611328,0
2024-04-22,93.94388580322266,94.84287035636356,93.94388580322266,93.94388580322266,15509000
2024-04-23,94.84287149338496,95.29236377534411,94.39337921142578,94.39337921142578,13766700
2024-04-24,94.84287149338496,94.84287149338496,93.04490236554828,94.39337921142578,12660500
2024-04-25,94.39337921142578,94.84287149338496,93.9438869294666,94.39337921142578,3999400
2024-04-26,94.39338254256988,96.19135173385692,93.94389024474812,95.74185943603516,10962700
2024-04-29,96.1913429116303,96.1913429116303,94.39337388524469,95.2923583984375,9444200
2024-04-30,95.2923583984375,95.2923583984375,95.2923583984375,95.2923583984375,0
2024-05-02,95.2923583984375,95.7418506550339,94.8428661418411,95.2923583984375,5576600
2024-05-03,95.7418506550339,95.7418506550339,94.39337388524469,95.2923583984375,6315300
2024-05-07,95.2923583984375,95.2923583984375,95.2923583984375,95.2923583984375,0
2024-05-08,95.2923671382134,96.19135173385692,95.2923671382134,95.74185943603516,8122600
2024-05-09,95.7418540777162,97.53982316837757,95.7418540777162,96.64083862304688,9173400
2024-05-10,96.64083215925427,97.53981664445664,96.19133991665308,97.09032440185548,6099300
2024-05-13,97.5398286273222,97.5398286273222,95.2923671382134,95.74185943603516,12781500
2024-05-14,95.7418506550339,96.1913429116303,95.2923583984375,95.2923583984375,6717600
2024-05-15,95.29236377534411,95.7418560573033,94.39337921142578,94.39337921142578,11008100
2024-05-16,94.39337921142578,94.39337921142578,94.39337921142578,94.39337921142578,0
2024-05-17,95.74185943603516,95.74185943603516,94.84287484039164,95.74185943603516,7186800
2024-05-20,95.74185943603516,95.74185943603516,95.74185943603516,95.74185943603516,0
2024-05-21,96.19134635038154,96.64083862304688,95.7418540777162,96.64083862304688,3200600
2024-05-23,96.64083748220284,97.09032974956192,96.19134521484376,96.19134521484376,4934600
2024-05-24,96.19134521484376,96.19134521484376,96.19134521484376,96.19134521484376,0
2024-05-27,96.19134521484376,96.19134521484376,96.19134521484376,96.19134521484376,0
2024-05-28,96.19135173385692,96.19135173385692,95.74185943603516,95.74185943603516,3473100
2024-05-29,95.74185943603516,96.19135173385692,95.74185943603516,95.74185943603516,5102200
2024-05-30,95.74185943603516,95.74185943603516,95.74185943603516,95.74185943603516,0
2024-05-31,95.74185943603516,95.74185943603516,95.74185943603516,95.74185943603516,0
2024-06-04,95.29235724137293,95.29235724137293,94.39337273909582,94.84286499023438,4462900
2024-06-05,94.84286499023438,94.84286499023438,94.84286499023438,94.84286499023438,0
2024-06-06,94.39337921142578,94.39337921142578,93.49439464750743,94.39337921142578,5949000
2024-06-07,94.39337921142578,94.39337921142578,94.39337921142578,94.39337921142578,0
2024-06-10,93.94388466614944,93.94388466614944,93.04490012388963,93.49439239501952,6450500
2024-06-11,93.494390098794,93.494390098794,92.59540557861328,92.59540557861328,5419300
2024-06-12,92.59540785275972,93.49439239501952,92.14591558162982,93.49439239501952,9694700
2024-06-13,93.49439352665222,94.3933780797931,93.49439352665222,93.94388580322266,9139100
2024-06-14,94.39337388524469,96.1913429116303,93.94388162864828,95.2923583984375,11852900
2024-06-17,95.74184949251148,95.74184949251148,93.94388048795729,94.84286499023438,6502900
2024-06-18,94.8428661418411,95.7418506550339,94.8428661418411,95.2923583984375,4977600
2024-06-19,95.2923583984375,95.2923583984375,95.2923583984375,95.2923583984375,0
2024-06-20,94.84286499023438,94.84286499023438,93.94388048795729,94.84286499023438,4527600
2024-06-21,94.39337388524469,95.7418506550339,94.39337388524469,95.2923583984375,16054000
2024-06-24,95.2923583984375,95.2923583984375,95.2923583984375,95.2923583984375,0
2024-06-25,95.2923583984375,95.2923583984375,95.2923583984375,95.2923583984375,0
2024-06-26,95.2923583984375,95.2923583984375,95.2923583984375,95.2923583984375,0
2024-06-27,95.29236147953914,95.29236147953914,92.59540785275972,93.49439239501952,15921800
2024-06-28,93.494390098794,93.494390098794,92.59540557861328,92.59540557861328,8700100
2024-07-01,92.59540557861328,92.59540557861328,92.59540557861328,92.59540557861328,0
2024-07-02,92.59540557861328,92.59540557861328,92.59540557861328,92.59540557861328,0
2024-07-03,93.04490012388963,93.49439239501952,92.59540785275972,93.49439239501952,4297800
2024-07-04,93.49439352665222,94.3933780797931,93.49439352665222,93.94388580322266,4646700
2024-07-05,93.94388048795729,94.84286499023438,93.94388048795729,94.84286499023438,4120000
2024-07-08,94.39337273909582,94.84286499023438,94.39337273909582,94.84286499023438,3763000
2024-07-09,94.84286499023438,94.84286499023438,94.84286499023438,94.84286499023438,0
2024-07-10,95.2923583984375,95.7418506550339,94.8428661418411,95.2923583984375,4113500
2024-07-11,95.2923583984375,95.7418506550339,94.8428661418411,95.2923583984375,4090700
2024-07-12,95.74185943603516,95.74185943603516,95.2923671382134,95.74185943603516,4303800
2024-07-15,91.69642105843258,93.494390098794,91.69642105843258,92.59540557861328,27479200
2024-07-16,92.59540442489995,93.04489667938977,91.69641991592034,92.14591217041016,8055900
2024-07-17,92.14591217041016,92.14591217041016,92.14591217041016,92.14591217041016,0
2024-07-18,92.14591754481124,92.59540982551762,91.24693298339844,91.24693298339844,8851000
2024-07-19,91.69642526410485,91.69642526410485,90.34794842198563,91.24693298339844,9390400
2024-07-23,91.24692300065831,92.145907463719,89.89844630606731,90.34793853759766,9910800
2024-07-24,90.34793853759766,90.79743076912798,89.89844630606731,90.34793853759766,4630500
2024-07-25,90.34793853759766,90.79743076912798,89.89844630606731,90.34793853759766,4602500
2024-07-26,90.79743653825186,93.04489783870363,90.79743653825186,92.59540557861328,7347500
2024-07-30,92.59540557861328,92.59540557861328,92.59540557861328,92.59540557861328,0
2024-07-31,93.04489783870363,93.494390098794,92.59540557861328,92.59540557861328,4199000
2024-08-01,93.04489667938977,93.04489667938977,92.14591217041016,92.14591217041016,2975700
2024-08-02,92.14591217041016,92.14591217041016,92.14591217041016,92.14591217041016,0
2024-08-05,91.24692300065831,91.69641523218866,90.34793853759766,90.34793853759766,7061000
2024-08-06,91.24692300065831,91.69641523218866,90.34793853759766,90.34793853759766,5141000
2024-08-07,91.2469341053682,91.69642639160156,90.79744181913487,91.69642639160156,2675000
2024-08-08,91.69642639160156,91.69642639160156,91.69642639160156,91.69642639160156,0
2024-08-09,91.69642639160156,92.1459186778349,91.2469341053682,91.69642639160156,4963000
2024-08-13,91.2469341053682,91.69642639160156,90.34794953290154,91.69642639160156,7018100
2024-08-14,91.69642105843258,92.59540557861328,91.24692879834222,92.59540557861328,6145400
2024-08-15,92.59540557861328,92.59540557861328,92.59540557861328,92.59540557861328,0
2024-08-16,92.1459220112234,93.4943989187047,91.69642970872962,93.04490661621094,6711600
2024-08-19,93.0449056491046,95.74185943603516,93.0449056491046,95.74185943603516,17723600
2024-08-20,95.7418506550339,96.1913429116303,94.8428661418411,95.2923583984375,11287800
2024-08-21,95.2923671382134,95.74185943603516,94.84287484039164,95.74185943603516,11748100
2024-08-22,95.74185943603516,95.74185943603516,95.74185943603516,95.74185943603516,0
2024-08-23,95.74185740619625,98.43881113594826,94.84287282961223,97.98931884765624,59019600
2024-08-26,97.98930888705785,97.98930888705785,96.19133991665308,97.09032440185548,10244900
2024-08-27,97.09032974956192,97.539822016921,96.19134521484376,96.19134521484376,6957900
2024-08-28,96.19134635038154,97.0903308957122,95.7418540777162,96.64083862304688,6488700
2024-08-29,97.0903308957122,97.53982316837757,96.64083862304688,96.64083862304688,5902800
2024-08-30,96.64083748220284,97.539822016921,96.19134521484376,96.19134521484376,8290300
2024-09-02,96.19134521484376,96.19134521484376,96.19134521484376,96.19134521484376,0
2024-09-03,96.19134521484376,96.19134521484376,96.19134521484376,96.19134521484376,0
2024-09-04,96.19134521484376,96.19134521484376,96.19134521484376,96.19134521484376,0
2024-09-05,97.10745111509812,98.93966717387354,96.64939710040426,98.48161315917967,18125700
2024-09-06,99.39772359705182,103.97826385498048,98.93966957125896,103.97826385498048,40715400
2024-09-09,103.97826385498048,103.97826385498048,103.97826385498048,103.97826385498048,0
2024-09-10,102.6041030883789,103.520211151668,102.14604905673436,102.6041030883789,13984000
2024-09-11,102.60410264756943,103.52021070692274,102.1460486178928,103.0621566772461,14614200
2024-09-12,103.0621562383871,103.97826429383944,103.0621562383871,103.52021026611328,10800600
2024-09-13,103.97826518331254,104.89437324660165,102.6041030883789,102.6041030883789,24207600
2024-09-16,102.6041030883789,102.6041030883789,102.6041030883789,102.6041030883789,0
2024-09-17,102.6041030883789,102.6041030883789,102.6041030883789,102.6041030883789,0
2024-09-18,102.6041030883789,102.6041030883789,102.6041030883789,102.6041030883789,0
2024-09-19,102.6041030883789,102.6041030883789,102.6041030883789,102.6041030883789,0
2024-09-20,101.22994143225152,102.14604949951172,101.22994143225152,102.14604949951172,10099500
2024-09-23,102.14604905673436,103.06215712002344,101.6879950250898,102.6041030883789,5902200
2024-09-24,103.06215712002344,103.520211151668,102.14604905673436,102.6041030883789,9229000
2024-09-25,103.06215801754512,103.06215801754512,101.68799591064452,101.68799591064452,7379500
2024-09-26,101.68799591064452,102.14604994627808,101.68799591064452,101.68799591064452,3866000
2024-09-27,101.68799591064452,101.68799591064452,101.68799591064452,101.68799591064452,0
2024-09-30,100.31383559900686,101.22994368666905,99.3977275113447,99.85578155517578,18402600
2024-10-01,100.31383469321511,102.1460508519953,99.85578065352006,100.77188873291016,16092200
2024-10-02,100.31383469321511,101.2299427726052,100.31383469321511,100.77188873291016,5779100
2024-10-03,100.31383514404295,101.2299432275502,100.31383514404295,100.31383514404295,4904500
2024-10-04,100.31383514404295,100.31383514404295,100.31383514404295,100.31383514404295,0
2024-10-07,100.77188828412224,102.14605039708756,100.77188828412224,101.22994232177734,4731100
2024-10-08,100.77188873291016,101.68799681230024,100.77188873291016,100.77188873291016,6068500
2024-10-09,101.68799681230024,102.1460508519953,100.77188873291016,100.77188873291016,4270000
2024-10-10,100.77188873291016,101.68799681230024,100.77188873291016,100.77188873291016,3604900
2024-10-11,100.77188873291016,100.77188873291016,100.77188873291016,100.77188873291016,0
2024-10-15,100.77188964283796,101.22994368666905,99.3977275113447,99.85578155517578,9960000
2024-10-16,99.85578155517578,99.85578155517578,99.85578155517578,99.85578155517578,0
2024-10-17,100.31383380374392,102.14604994627808,100.31383380374392,101.68799591064452,9368300
2024-10-18,101.68799681230024,102.1460508519953,100.31383469321511,100.77188873291016,8819600
2024-10-21,101.229939276712,104.43631744384766,99.85577720508242,104.43631744384766,29669100
2024-10-22,104.43631744384766,104.43631744384766,104.43631744384766,104.43631744384766,0
2024-10-24,103.06215580339476,105.81047995815192,103.06215580339476,103.97826385498048,19903600
2024-10-25,103.97826385498048,103.97826385498048,103.97826385498048,103.97826385498048,0
2024-10-28,104.8943706014882,105.35242462158205,103.97826256130054,105.35242462158205,10936700
2024-10-29,105.35242462158205,105.35242462158205,105.35242462158205,105.35242462158205,0
2024-10-30,104.4363192149571,104.4363192149571,102.6041030883789,102.6041030883789,7681700
2024-10-31,102.60410177760188,104.43631788077334,102.60410177760188,103.97826385498048,5301600
2024-11-01,103.9782647365994,104.43631876627605,102.60410264756943,103.0621566772461,5141900
2024-11-04,103.52021026611328,103.97826429383944,103.0621562383871,103.52021026611328,3710500
2024-11-05,103.5202098291876,104.43631788077334,103.06215580339476,103.97826385498048,5001500
2024-11-06,104.43631788077334,105.35242593235908,103.97826385498048,103.97826385498048,8899300
2024-11-07,103.97826256130054,106.26853266176973,103.97826256130054,105.35242462158205,16466000
2024-11-08,105.35242462158205,105.81047864167589,104.43631658139437,105.35242462158205,5084000
2024-11-11,105.35242549160073,105.81047951547724,103.97826341997114,104.43631744384766,5159800
2024-11-12,103.97826385498048,104.43631788077334,103.97826385498048,103.97826385498048,3270700
2024-11-13,103.978262988761,104.89437103271484,103.978262988761,104.89437103271484,4322100
2024-11-14,104.89437146772418,105.35242549160073,103.97826341997114,104.43631744384766,5033500
2024-11-15,104.43631701073792,104.89437103271484,104.43631701073792,104.89437103271484,2606200
2024-11-18,105.35242462158205,105.81047864167589,104.8943706014882,105.35242462158205,5633700
2024-11-19,105.35242505469176,106.2685330986456,104.43631701073792,104.89437103271484,9505600
2024-11-20,104.89437146772418,104.89437146772418,103.97826341997114,104.43631744384766,4577500
2024-11-21,104.89437103271484,105.81047907666868,104.43631701073792,104.89437103271484,5883600
2024-11-22,105.81047907666868,105.81047907666868,104.43631701073792,104.89437103271484,4879600
2024-11-25,104.8943706014882,105.35242462158205,104.43631658139437,105.35242462158205,8031300
2024-11-26,104.8943706014882,105.81047864167589,104.8943706014882,105.35242462158205,8409300
2024-11-27,105.35242505469176,106.2685330986456,104.89437103271484,104.89437103271484,10063700
2024-11-28,105.35242549160073,105.81047951547724,104.43631744384766,104.43631744384766,6180500
2024-11-29,104.43631701073792,105.35242505469176,103.978262988761,104.89437103271484,6435000
2024-12-02,105.35243178858902,105.81048583984376,104.89437773733428,105.81048583984376,5177100
2024-12-03,105.81047778294004,106.2685317993164,105.35242376656367,106.2685317993164,11866600
2024-12-04,106.26853011826336,108.10074615478516,106.26853011826336,108.10074615478516,12380400
2024-12-06,108.10074615478516,108.5588001639156,107.6426921456547,108.10074615478516,5165800
2024-12-09,108.55880737304688,109.0168614125956,107.1846452544007,108.55880737304688,6849700
2024-12-11,108.5588001639156,108.5588001639156,107.6426921456547,108.10074615478516,5862600
2024-12-12,108.55880828208112,109.01686232546542,107.6427001953125,107.6427001953125,5503300
2024-12-13,107.64269929394943,108.55880737304688,107.1846452544007,108.55880737304688,5096200
2024-12-16,108.55880737304688,108.55880737304688,107.64269929394943,108.55880737304688,5425700
2024-12-17,108.10074786482188,108.55880188119824,106.2685317993164,106.2685317993164,8060800
2024-12-18,106.726591214852,108.55880737304688,106.726591214852,108.55880737304688,7023200
2024-12-19,107.1846461519282,108.1007542386968,106.72659210854388,107.6427001953125,7651400
2024-12-20,107.6427011121496,107.6427011121496,104.4363227811494,106.72659301757812,15743400
2024-12-23,106.72659210854388,107.6427001953125,106.26853806515958,107.6427001953125,5474500
2024-12-24,107.6426921456547,108.10074615478516,107.18463813652428,108.10074615478516,2796700
2024-12-25,108.10074615478516,108.5588001639156,107.18463813652428,108.10074615478516,3111700
2024-12-26,108.10074615478516,108.5588001639156,107.6426921456547,108.10074615478516,2395600
2024-12-27,108.10074700249564,108.10074700249564,107.18463897705078,107.18463897705078,2355700
2024-12-30,107.6427001953125,108.1007542386968,107.1846461519282,107.6427001953125,3151600
2025-01-02,107.64269298977322,108.10074700249564,107.18463897705078,107.18463897705078,2809000
2025-01-03,107.6426921456547,108.5588001639156,107.18463813652428,108.10074615478516,4531500
2025-01-06,108.5588001639156,109.47490818217648,108.10074615478516,108.10074615478516,8112300
2025-01-07,108.55879850387574,109.9329605102539,108.55879850387574,109.9329605102539,7738100
2025-01-08,109.47490733811834,109.93296134371715,108.5587993269207,109.01685333251952,6406400
2025-01-09,109.0168614125956,109.47491545214432,107.64269929394943,108.55880737304688,8010600
2025-01-10,108.5587993269207,109.47490733811834,107.64269131572306,109.01685333251952,3687800
2025-01-13,108.5587976944348,110.84906768798828,108.5587976944348,110.84906768798828,9560700
2025-01-14,110.84907665811323,111.30713069389056,109.47491455078124,109.47491455078124,8220400
2025-01-15,109.93296682098766,111.30712890625,109.47491279256688,111.30712890625,5729200
2025-01-16,111.7651824951172,112.22323652173652,110.3910204152592,111.7651824951172,7040000
2025-01-17,111.7651829346708,111.7651829346708,110.84907487782922,111.30712890625,6558900
2025-01-20,111.7651829346708,112.22323696309157,110.84907487782922,111.30712890625,3679800
2025-01-21,111.76518205915178,112.68129010881697,109.93296595982144,112.22323608398438,10877800
2025-01-22,112.22323436813662,114.51350445728224,111.76518035030747,114.05545043945312,14199900
2025-01-23,114.05545218331471,114.51350620814732,112.22323608398438,112.22323608398438,9137700
2025-01-24,113.13935135632026,114.0554594644686,112.22324324817193,112.6812973022461,6163700
2025-01-27,112.68129637933546,114.51351258062547,112.68129637933546,113.59740447998048,3963900
2025-01-28,113.59740356445312,115.42961975097656,113.59740356445312,114.51351165771484,5124500
2025-01-29,115.42961883544922,115.88767287844703,114.5135107494536,115.42961883544922,4762200
2025-01-30,115.88766564600972,115.88766564600972,114.05544958836528,114.9715576171875,5500800
2025-01-31,114.97156570434568,115.88767379760742,113.59740356445312,114.51351165771484,7471000
2025-02-03,114.0554567064558,115.42961883544922,112.68129457746234,115.42961883544922,12061800
2025-02-04,115.8876719737616,116.80378005260556,114.97156389491764,116.3457260131836,11021800
2025-02-05,116.80377281701612,116.80377281701612,115.42961078387476,115.88766479492188,5035500
2025-02-06,116.34571796492034,116.80377197265624,115.88766395718444,116.80377197265624,6967000
2025-02-07,116.34572692144484,116.34572692144484,114.0554567064558,115.42961883544922,11190100
2025-02-10,115.42961078387476,116.345718805969,114.5135027617805,115.88766479492188,7353700
2025-02-11,115.88766564600972,115.88766564600972,114.5135036027764,114.9715576171875,6819800
2025-02-13,114.97155847511138,115.88766651076963,113.597396421624,114.05545043945312,9945100
2025-02-14,114.05545398506386,114.5135080171324,108.55880560024151,110.39102172851562,26947000
2025-02-17,109.01685791015623,112.22323608398438,108.55880388532366,112.22323608398438,11360100
2025-02-18,113.13934155954308,115.42961163159862,112.68128754513198,114.9715576171875,10932700
2025-02-19,115.42961793433965,117.26183409202756,114.05545581607367,116.3457260131836,15088500
2025-02-20,116.34571796492034,117.26182598039216,115.42960994944852,116.80377197265624,14920300
2025-02-21,116.34572692144484,116.80378096444268,115.42961883544922,115.42961883544922,9693300
2025-02-24,115.88766564600972,115.88766564600972,114.5135036027764,114.9715576171875,5712300
2025-02-25,115.42961336823129,115.42961336823129,112.68128924041623,113.13934326171876,10431500
2025-02-26,112.68129637933546,115.42962068127048,112.22324232901296,113.59740447998048,16127000
2025-02-27,112.68128924041623,114.05545130432375,112.22323521911372,113.13934326171876,6592300
2025-02-28,111.7651824951172,113.13934457497518,111.30712846849788,111.7651824951172,11171900
2025-03-03,111.76518919409774,114.51351351854278,111.76518919409774,112.6812973022461,9186600
2025-03-04,112.22323696309157,113.5973990483539,110.84907487782922,111.30712890625,8091100
2025-03-05,111.7651824951172,112.68129054835586,111.30712846849788,111.7651824951172,5627500
2025-03-06,112.22323696309157,112.68129099151236,111.30712890625,111.30712890625,6233500
2025-03-07,110.84907487782922,111.7651829346708,110.84907487782922,111.30712890625,6318200
2025-03-10,113.59739815848214,114.05545218331471,112.22323608398438,112.22323608398438,9766000
2025-03-11,111.76518035030747,114.05545043945312,111.30712633247836,114.05545043945312,8358700
2025-03-12,114.05545043945312,114.51350445728224,113.13934240379488,114.05545043945312,6375400
2025-03-13,114.05545043945312,114.05545043945312,113.13934240379488,114.05545043945312,7066000
2025-03-14,114.05545130432375,114.05545130432375,113.13934326171876,113.13934326171876,6833000
2025-03-17,113.59740541039444,114.0554594644686,112.6812973022461,112.6812973022461,4765600
2025-03-18,113.13935042965797,114.51351258062547,112.68129637933546,113.59740447998048,8730800
2025-03-19,113.59740356445312,114.97156570434568,113.59740356445312,114.51351165771484,5928600
2025-03-20,114.51350445728224,115.42961249294052,114.05545043945312,114.05545043945312,8874600
2025-03-21,114.51351165771484,114.97156570434568,113.59740356445312,114.51351165771484,9524600
2025-03-24,114.51350445728224,114.97155847511138,114.05545043945312,114.05545043945312,4902100
2025-03-25,114.05545761108398,114.97156570434568,114.05545761108398,114.51351165771484,6032600
2025-03-26,114.51351165771484,114.97156570434568,114.05545761108398,114.51351165771484,5791200
2025-03-27,114.5135107494536,115.42961883544922,114.0554567064558,115.42961883544922,6668700
2025-03-28,115.42961163159862,115.88766564600972,114.5135036027764,114.9715576171875,4365300
2025-03-31,114.0554594644686,114.51351351854278,112.6812973022461,112.6812973022461,13702400
2025-04-01,113.13935042965797,114.51351258062547,113.13935042965797,113.59740447998048,5052200
2025-04-02,113.597396421624,114.51350445728224,113.13934240379488,114.05545043945312,6700200
2025-04-03,113.59740447998048,114.05545853030296,113.13935042965797,113.59740447998048,7052700
2025-04-04,113.13934413364956,113.59739815848214,111.76518205915178,112.22323608398438,11692500
2025-04-08,109.01685768261292,109.47491170648944,103.97826341997114,104.43631744384766,30207900
2025-04-09,103.52020526533369,109.01685333251952,102.60409725413602,109.01685333251952,15611400
2025-04-10,113.59739815848214,113.59739815848214,111.76518205915178,112.22323608398438,12177100
2025-04-11,111.30712890625,111.7651829346708,110.39102084940843,111.30712890625,16882000
2025-04-16,110.2635664750826,112.23255873356622,109.7713184104617,111.74031066894533,21070400
2025-04-17,112.23256104567956,114.69380141948832,111.7403129709178,114.20155334472656,11617900
2025-04-18,114.2015524159307,114.2015524159307,112.72480820365574,113.21705627441406,7020300
2025-04-21,112.23255777994792,112.72480584038628,110.7558135986328,110.7558135986328,12712200
2025-04-22,110.75581312179564,111.24806118011476,109.27906894683838,110.26356506347656,18049600
2025-04-23,111.24806260432442,112.23255873356622,110.75581453970352,111.74031066894533,10075500
2025-04-24,111.74030598652722,116.17053838246882,111.2480579425337,114.69379425048828,21016600
2025-04-25,114.69380141948832,115.18604949425008,113.21705719520304,114.20155334472656,10324900
2025-04-28,114.20154669345952,115.18604278564452,114.20154669345952,115.18604278564452,7776200
2025-04-29,115.18604278564452,115.67829083173704,114.20154669345952,115.18604278564452,8443200
2025-04-30,115.1860447090213,117.6472849805816,114.2015486003972,117.15503692626952,15732700
2025-05-02,117.15503644339648,118.13953254796282,116.17054033883012,116.66278839111328,11398600
2025-05-06,116.66278934877786,118.13953351774974,115.67829323612996,117.64728546142578,12784600
2025-05-07,117.64728593826294,119.1240301132202,117.15503787994383,118.13953399658205,11651300
2025-05-08,118.1395344714406,119.61627865233362,117.64728641114294,118.63178253173828,9232600
2025-05-09,118.13953303489365,118.13953303489365,116.17054081764542,117.15503692626952,8794500
2025-05-13,118.13953399658205,119.1240301132202,117.64728593826294,118.13953399658205,7376600
2025-05-14,117.64728593826294,118.63178205490112,117.15503787994383,118.13953399658205,5812100
2025-05-15,117.15503740510182,118.13953351774974,116.66278934877786,117.64728546142578,7459500
2025-05-16,117.64728593826294,118.63178205490112,116.66278982162476,118.13953399658205,7412700
2025-05-19,117.64728593826294,118.63178205490112,117.15503787994383,118.13953399658205,5860800
2025-05-20,118.13953633211098,120.60077667236328,118.13953633211098,120.60077667236328,19236100
2025-05-21,120.10852719141432,120.10852719141432,119.12403106689452,119.12403106689452,9360900
2025-05-22,118.63178300463464,120.10852719141432,118.63178300463464,119.12403106689452,8808100
2025-05-23,120.10852813720705,120.60077620334312,119.61628007107092,120.10852813720705,7088900
2025-05-26,120.10852766625676,120.10852766625676,119.1240315378448,119.61627960205078,3760700
2025-05-27,119.6162781715393,120.1085262298584,118.13953399658205,118.13953399658205,7579100
2025-05-28,118.13953351774974,118.6317815740737,117.15503740510182,117.64728546142578,6013000
2025-05-29,118.13953351774974,118.6317815740737,117.15503740510182,117.64728546142578,9475900
2025-05-30,117.64728449567964,118.631780600246,116.66278839111328,116.66278839111328,19922700
2025-06-04,116.66278642646232,117.64728251444936,113.21705011850776,114.69379425048828,20719500
2025-06-05,115.18604327262716,116.1705393689744,113.7092991281063,115.67829132080078,9722000
2025-06-06,115.67829083173704,116.17053887782951,114.69379473955205,115.18604278564452,6913200
2025-06-09,116.17053887782951,116.17053887782951,115.18604278564452,115.18604278564452,1586300
2025-06-10,115.1860461096546,119.12403059203596,115.1860461096546,118.63178253173828,12858400
2025-06-11,118.63178253173828,119.12403059203596,118.1395344714406,118.63178253173828,3328700
2025-06-12,118.13953254796282,119.12402865252918,116.17054033883012,116.66278839111328,7635700
2025-06-13,115.67829180571992,117.15503595643123,115.1860437554828,116.17053985595705,8584000
2025-06-16,115.67829132080078,116.1705393689744,114.69379522445354,115.67829132080078,6811800
2025-06-17,115.1860437554828,116.17053985595705,115.1860437554828,116.17053985595705,5534200
2025-06-18,116.17053887782951,116.66278692392204,114.69379473955205,115.18604278564452,6370800
2025-06-19,113.70930480957033,114.69380095510772,113.2170567368016,113.70930480957033,9518800
2025-06-20,113.70929816250128,115.1860422944818,113.70929816250128,114.69379425048828,11626900
2025-06-23,113.70930526996482,114.20155334472656,113.21705719520304,114.20155334472656,6002000
2025-06-24,115.18604423426376,116.66278839111328,114.69379618198056,116.66278839111328,13109800
2025-06-25,116.66278839111328,117.15503644339648,115.18604423426376,116.66278839111328,7697000
2025-06-26,116.17054081764542,118.13953303489365,115.67829276333336,117.15503692626952,12550300
2025-06-27,116.66278741714802,116.66278741714802,115.18604327262716,115.67829132080078,9529700
2025-06-30,115.67829132080078,115.67829132080078,114.20154717627992,115.67829132080078,11095700
2025-07-01,115.1860437554828,117.15503595643123,115.1860437554828,116.17053985595705,13657400
2025-07-02,116.17054176330566,118.13953399658205,116.17054176330566,118.13953399658205,18563500
2025-07-03,118.13953399658205,118.63178205490112,117.64728593826294,118.13953399658205,10812500
2025-07-04,118.13953303489365,118.13953303489365,116.66278887195747,117.15503692626952,8225400
2025-07-07,116.66278887195747,117.6472849805816,116.17054081764542,117.15503692626952,6481600
2025-07-08,116.66278790619414,117.15503595643123,116.17053985595705,116.17053985595705,6887600
2025-07-09,116.1705393689744,117.15503546532165,115.67829132080078,115.67829132080078,6380800
2025-07-11,116.17053985595705,117.15503595643123,116.17053985595705,116.17053985595705,4985700
2025-07-14,116.17054081764542,117.6472849805816,116.17054081764542,117.15503692626952,5077700
2025-07-15,116.66278790619414,116.66278790619414,115.1860437554828,116.17053985595705,11137200
2025-07-16,115.67829132080078,117.15503546532165,115.67829132080078,115.67829132080078,8329200
2025-07-17,116.66278790619414,117.15503595643123,116.17053985595705,116.17053985595705,7410800
2025-07-18,116.66278887195747,117.6472849805816,116.17054081764542,117.15503692626952,10825500
2025-07-21,117.15503881785496,119.61627912915442,116.17054269333516,119.12403106689452,18861900
2025-07-22,120.10852766625676,122.07751992308064,119.61627960205078,119.61627960205078,17912700
2025-07-23,121.09302474041375,121.5852728084642,120.60077667236328,120.60077667236328,10540200
2025-07-24,120.6007775990104,122.56976988634118,120.6007775990104,121.58527374267578,17991200
2025-07-25,121.58526660550024,122.0775146484375,121.093018562563,122.0775146484375,7764200
2025-07-29,123.0620122050859,124.0465083027266,122.07751610744522,123.55426025390624,15439200
2025-07-30,124.0465083027266,124.53875635154694,123.55426025390624,123.55426025390624,7418500
2025-07-31,123.55426121888895,124.53875732421876,123.06201316622406,124.53875732421876,8584700
2025-08-01,124.538755859375,125.03100390625,122.569763671875,123.06201171875,8667900
2025-08-04,124.04650927155386,125.03100537688364,123.06201316622406,124.53875732421876,7639000
2025-08-05,124.53875780481052,125.52325391393948,124.53875780481052,125.031005859375,9017200
2025-08-06,125.52325534449476,126.99999952501824,125.03100728432028,126.50775146484376,12299800
2025-08-07,126.99999952501824,127.98449564536722,126.01550340466926,126.50775146484376,10189000
2025-08-08,126.50775287334736,128.47674513596755,126.01550480769232,127.9844970703125,14214500
2025-08-13,127.98449846274951,130.937986888813,127.98449846274951,129.46124267578125,13727800
2025-08-14,128.9689932016226,129.46124126727764,127.9844970703125,127.9844970703125,6935300
2025-08-15,127.98449800214694,129.46124220986405,127.49224993290792,128.968994140625,5051000
2025-08-18,128.96899272668315,129.4612407905255,127.49224853515624,127.49224853515624,7716600
2025-08-19,127.4922480620155,128.96899224806202,127.0,127.0,7572300
2025-08-20,127.00000047131395,127.98449659899856,126.50775240747164,127.49224853515624,7562700
2025-08-21,127.98449564536722,127.98449564536722,126.01550340466926,126.50775146484376,10279000
2025-08-22,127.00000047131395,127.98449659899856,126.01550434362936,127.49224853515624,5616500
2025-08-25,127.984496124031,127.984496124031,126.5077519379845,127.0,7385900
2025-08-26,126.5077500230684,126.99999807763288,125.031005859375,125.031005859375,15185000
2025-08-27,125.52325439453124,126.50775050742952,125.03100633808212,125.52325439453124,6553800
2025-08-28,126.0155029296875,126.99999904632568,126.0155029296875,126.0155029296875,5963900
2025-08-29,126.50775146484376,127.49224758519271,126.01550340466926,126.50775146484376,12954700
2025-09-01,127.0,127.4922480620155,126.5077519379845,127.0,6902700
2025-09-02,127.0,127.5,126.0,126.5,7189100
2025-09-03,127.0,128.0,126.5,127.0,6360700
2025-09-04,127.0,128.0,126.5,127.0,5878800
2025-09-05,127.0,127.5,126.5,126.5,4884100
2025-09-08,127.0,127.0,125.0,126.0,13228200
2025-09-09,126.0,126.5,125.5,126.0,8948600
2025-09-10,126.5,127.5,126.0,127.5,4417500
2025-09-11,128.0,128.5,126.5,127.0,4586900
2025-09-12,127.5,127.5,126.5,127.0,3714000
2025-09-15,126.5,127.0,126.0,127.0,5581000
2025-09-16,127.5,127.5,125.5,125.5,7525300
2025-09-17,125.5,126.0,125.0,126.0,7027800
2025-09-18,126.0,126.0,125.0,125.0,5677200
2025-09-19,125.0,127.0,125.0,126.0,8456300
2025-09-22,126.5,127.0,126.0,126.5,3493900
2025-09-23,127.0,127.0,126.0,126.5,5305100
2025-09-24,126.0,127.0,126.0,126.5,2601500
2025-09-25,126.5,128.0,126.0,127.5,7130700
2025-09-26,128.0,128.0,127.0,127.0,4589800
2025-09-29,127.0,128.5,127.0,128.5,10481800
2025-09-30,128.0,128.5,127.5,128.5,8028200
2025-10-01,128.0,128.5,127.0,128.0,5515100
2025-10-02,128.0,128.5,127.0,127.0,6215800
2025-10-03,127.0,128.0,127.0,127.0,4312400
2025-10-06,127.5,127.5,126.5,126.5,2537200
2025-10-07,126.5,126.5,126.5,126.5,0
2025-10-08,127.5,129.5,127.0,129.5,12225700
2025-10-09,129.5,130.0,128.0,129.0,10435500
2025-10-10,129.0,129.5,128.5,129.0,6033600
2025-10-14,128.5,128.5,127.0,128.0,9509700
2025-10-15,128.5,130.5,128.0,129.5,16009400
2025-10-16,130.0,130.5,129.0,129.5,7014800
2025-10-17,129.5,131.0,129.0,130.0,6848800
2025-10-20,130.5,131.0,129.0,131.0,6481300
2025-10-21,131.5,134.0,131.0,134.0,20751900
2025-10-22,134.5,135.5,132.5,133.5,27027500
2025-10-24,134.0,135.5,133.0,133.5,14762800
2025-10-27,134.0,134.5,130.5,131.0,21487500
2025-10-28,131.5,132.0,130.0,131.0,11092600
2025-10-29,131.0,131.0,128.5,129.5,14301100
2025-10-30,128.5,131.0,128.0,130.5,14428700
2025-10-31,130.0,132.0,129.5,131.0,13536000
2025-11-03,131.0,132.0,129.5,131.5,9089500
2025-11-04,131.5,132.5,130.5,131.0,9264200
2025-11-05,131.0,132.0,129.5,130.5,9691600
2025-11-06,130.5,132.5,130.0,132.5,10345900
2025-11-07,132.0,132.0,129.5,129.5,10331200
2025-11-10,130.0,130.5,129.5,130.0,4187800
2025-11-11,130.0,130.0,128.5,128.5,12469400
2025-11-12,128.0,128.5,127.5,128.0,14431500
2025-11-13,128.0,128.5,127.5,128.0,8391100
2025-11-14,128.0,128.5,127.0,127.0,9757300
2025-11-17,127.5,129.0,127.5,129.0,11285100
2025-11-18,128.0,129.5,128.0,128.5,6281500
2025-11-19,129.0,129.5,128.0,129.5,7823300
2025-11-20,129.5,130.5,129.0,130.0,9709800
2025-11-21,129.5,130.5,129.0,130.5,9429900
2025-11-24,131.0,131.0,129.0,129.0,13388700
2025-11-25,129.5,131.0,129.0,130.0,7415300
2025-11-26,130.0,131.5,130.0,131.5,9824500
2025-11-27,131.5,132.0,130.5,130.5,5107300
2025-11-28,131.0,131.0,129.5,130.0,10079400
2025-12-01,130.5,132.0,130.5,130.5,6250900
2025-12-02,130.5,132.0,130.0,131.5,10396400
2025-12-03,132.0,133.5,131.5,133.5,16907200
2025-12-04,134.0,134.5,132.5,133.5,9864400
2025-12-08,133.0,133.5,131.0,131.5,14826400
2025-12-09,131.0,133.0,131.0,132.0,7379200
